Individual 1,Individual 2,Group,Queller&Goodnight (925)
M36,P36,MMPP,0.4908
M36,M38,MMMM,0.1773
M36,P38,MMPP,0.2038
M36,M39,MMMM,0.1047
M36,P39,MMPP,0.0707
M36,M2,MMMM,0.1431
M36,P2,MMPP,-0.0684
M36,M3,MMMM,0.0108
M36,P3,MMPP,0.0616
M36,M4,MMMM,0.0474
M36,P4,MMPP,0.0501
M36,M5,MMMM,0.1708
M36,P5,MMPP,0.2126
M36,M9,MMMM,0.0693
M36,P9,MMPP,0.131
M36,M15,MMMM,0.0329
M36,P15,MMPP,-0.0053
M36,M19,MMMM,0.173
M36,P19,MMPP,0.1085
M36,M26,MMMM,0.2277
M36,P26,MMPP,0.0545
M36,M27,MMMM,0.1002
M36,P27,MMPP,0.1095
M36,M28,MMMM,0.1429
M36,P28,MMPP,0.1501
M36,M29,MMMM,0.1019
M36,P29,MMPP,0.0893
M36,M37,MMMM,0.1055
M36,P37,MMPP,0.1435
M36,M40,MMMM,0.1142
M36,P40,MMPP,0.0658
M36,M41,MMMM,0.0706
M36,P41,MMPP,0.1568
M36,M43,MMMM,-0.0021
M36,P43,MMPP,0.1895
M36,M44,MMMM,0.2053
M36,P44,MMPP,0.1511
M36,M45,MMMM,0.1028
M36,P45,MMPP,0.0669
M36,M46,MMMM,0.0668
M36,P46,MMPP,0.0232
M36,M47,MMMM,0.2095
M36,P47,MMPP,0.0441
M36,M48,MMMM,0.2255
M36,P48,MMPP,0.1336
M36,M6,MMMM,0.1094
M36,P6,MMPP,0.0748
M36,M7,MMMM,0.0324
M36,P7,MMPP,0.0237
M36,M8,MMMM,-0.002
M36,P8,MMPP,0.0082
M36,M10,MMMM,0.0947
M36,P10,MMPP,0.0222
M36,M11,MMMM,0.1335
M36,P11,MMPP,0.1545
M36,M12,MMMM,-0.0042
M36,P12,MMPP,0.1205
M36,M13,MMMM,0.1228
M36,P13,MMPP,0.1293
M36,M14,MMMM,-0.0702
M36,P14,MMPP,-0.1244
M36,M16,MMMM,0.0606
M36,P16,MMPP,0.2484
M36,M17,MMMM,0.2357
M36,P17,MMPP,0.0838
M36,M18,MMMM,0.1116
M36,P18,MMPP,0.0342
M36,M20,MMMM,-0.0264
M36,P20,MMPP,0.0841
M36,M21,MMMM,0.14
M36,P21,MMPP,0.0964
M36,M23,MMMM,-0.0224
M36,P23,MMPP,0.0687
M36,M24,MMMM,0.0566
M36,P24,MMPP,0.1896
M36,M25,MMMM,0.1738
M36,P25,MMPP,0.2745
M36,M30,MMMM,0.0675
M36,P30,MMPP,-0.0136
M36,M31,MMMM,0.0142
M36,P31,MMPP,-0.0044
M36,M33,MMMM,0.0409
M36,P33,MMPP,0.0747
M36,M35,MMMM,-0.0454
M36,P35,MMPP,-0.0274
P36,M38,PPMM,0.1801
P36,P38,PPPP,0.0498
P36,M39,PPMM,0.1688
P36,P39,PPPP,0.0586
P36,M2,PPMM,0.1425
P36,P2,PPPP,0.007
P36,M3,PPMM,-0.0263
P36,P3,PPPP,0.0717
P36,M4,PPMM,0.2392
P36,P4,PPPP,-0.026
P36,M5,PPMM,0.0847
P36,P5,PPPP,0.1709
P36,M9,PPMM,-0.0571
P36,P9,PPPP,0.041
P36,M15,PPMM,0.0508
P36,P15,PPPP,0.0558
P36,M19,PPMM,0.1556
P36,P19,PPPP,0.0424
P36,M26,PPMM,0.0859
P36,P26,PPPP,0.0791
P36,M27,PPMM,0.0495
P36,P27,PPPP,-0.0033
P36,M28,PPMM,0.178
P36,P28,PPPP,0.0897
P36,M29,PPMM,0.2183
P36,P29,PPPP,0.1746
P36,M37,PPMM,0.03
P36,P37,PPPP,0.101
P36,M40,PPMM,0.2761
P36,P40,PPPP,0.1093
P36,M41,PPMM,0.0456
P36,P41,PPPP,0.069
P36,M43,PPMM,0.1526
P36,P43,PPPP,0.0911
P36,M44,PPMM,0.2101
P36,P44,PPPP,0.2292
P36,M45,PPMM,0.0431
P36,P45,PPPP,0.1626
P36,M46,PPMM,0.141
P36,P46,PPPP,-0.0524
P36,M47,PPMM,0.2773
P36,P47,PPPP,0.0443
P36,M48,PPMM,0.2032
P36,P48,PPPP,0.1199
P36,M6,PPMM,0.2635
P36,P6,PPPP,0.1449
P36,M7,PPMM,-0.0055
P36,P7,PPPP,0.3102
P36,M8,PPMM,0.0552
P36,P8,PPPP,0.0606
P36,M10,PPMM,0.0212
P36,P10,PPPP,0.0101
P36,M11,PPMM,0.1427
P36,P11,PPPP,0.2077
P36,M12,PPMM,0.0497
P36,P12,PPPP,0.168
P36,M13,PPMM,0.0658
P36,P13,PPPP,0.1583
P36,M14,PPMM,0.0448
P36,P14,PPPP,0.026
P36,M16,PPMM,0.1116
P36,P16,PPPP,0.2123
P36,M17,PPMM,0.1763
P36,P17,PPPP,0.135
P36,M18,PPMM,0.2318
P36,P18,PPPP,0.2108
P36,M20,PPMM,0.023
P36,P20,PPPP,0.2418
P36,M21,PPMM,0.2008
P36,P21,PPPP,0.2451
P36,M23,PPMM,-0.1625
P36,P23,PPPP,0.0406
P36,M24,PPMM,0.0872
P36,P24,PPPP,0.173
P36,M25,PPMM,0.043
P36,P25,PPPP,0.2099
P36,M30,PPMM,0.0438
P36,P30,PPPP,0.0983
P36,M31,PPMM,-0.1114
P36,P31,PPPP,-0.1147
P36,M33,PPMM,0.0308
P36,P33,PPPP,0.1162
P36,M35,PPMM,0.0127
P36,P35,PPPP,0.0507
M38,P38,MMPP,0.5327
M38,M39,MMMM,0.1171
M38,P39,MMPP,0.1858
M38,M2,MMMM,0.1326
M38,P2,MMPP,0.0895
M38,M3,MMMM,0.1113
M38,P3,MMPP,0.2108
M38,M4,MMMM,0.2351
M38,P4,MMPP,0.2576
M38,M5,MMMM,0.143
M38,P5,MMPP,-0.0101
M38,M9,MMMM,0.0691
M38,P9,MMPP,0.0725
M38,M15,MMMM,0.0629
M38,P15,MMPP,0.0448
M38,M19,MMMM,0.1109
M38,P19,MMPP,0.0701
M38,M26,MMMM,0.2516
M38,P26,MMPP,0.3248
M38,M27,MMMM,0.146
M38,P27,MMPP,0.2126
M38,M28,MMMM,0.1942
M38,P28,MMPP,0.288
M38,M29,MMMM,0.0259
M38,P29,MMPP,0.1453
M38,M37,MMMM,0.1967
M38,P37,MMPP,0.0382
M38,M40,MMMM,0.1191
M38,P40,MMPP,0.1495
M38,M41,MMMM,0.1837
M38,P41,MMPP,0.2043
M38,M43,MMMM,0.123
M38,P43,MMPP,0.0966
M38,M44,MMMM,0.2453
M38,P44,MMPP,0.2335
M38,M45,MMMM,0.2381
M38,P45,MMPP,0.1754
M38,M46,MMMM,-0.0058
M38,P46,MMPP,0.0572
M38,M47,MMMM,0.1731
M38,P47,MMPP,0.0849
M38,M48,MMMM,0.1664
M38,P48,MMPP,0.1969
M38,M6,MMMM,0.1679
M38,P6,MMPP,0.0167
M38,M7,MMMM,0.0213
M38,P7,MMPP,-0.0129
M38,M8,MMMM,0.1051
M38,P8,MMPP,0.2005
M38,M10,MMMM,0.0596
M38,P10,MMPP,0.0026
M38,M11,MMMM,0.0106
M38,P11,MMPP,0.1094
M38,M12,MMMM,0.2053
M38,P12,MMPP,-0.0215
M38,M13,MMMM,0.2794
M38,P13,MMPP,0.1414
M38,M14,MMMM,0.1889
M38,P14,MMPP,0.2995
M38,M16,MMMM,0.1286
M38,P16,MMPP,0.2247
M38,M17,MMMM,0.1747
M38,P17,MMPP,0.2339
M38,M18,MMMM,0.17
M38,P18,MMPP,0.1422
M38,M20,MMMM,0.1105
M38,P20,MMPP,0.0794
M38,M21,MMMM,0.036
M38,P21,MMPP,0.0603
M38,M23,MMMM,-0.0056
M38,P23,MMPP,0.0275
M38,M24,MMMM,0.0093
M38,P24,MMPP,0.0851
M38,M25,MMMM,0.1221
M38,P25,MMPP,0.4216
M38,M30,MMMM,0.1427
M38,P30,MMPP,0.1746
M38,M31,MMMM,-0.0528
M38,P31,MMPP,0.0053
M38,M33,MMMM,0.0288
M38,P33,MMPP,0.1006
M38,M35,MMMM,0.1543
M38,P35,MMPP,0.2494
P38,M39,PPMM,0.1376
P38,P39,PPPP,0.2007
P38,M2,PPMM,0.2193
P38,P2,PPPP,0.0108
P38,M3,PPMM,0.0154
P38,P3,PPPP,0.1506
P38,M4,PPMM,0.1262
P38,P4,PPPP,0.185
P38,M5,PPMM,0.1925
P38,P5,PPPP,0.0386
P38,M9,PPMM,0.1178
P38,P9,PPPP,0.1159
P38,M15,PPMM,0.0837
P38,P15,PPPP,0.0857
P38,M19,PPMM,0.1387
P38,P19,PPPP,0.1266
P38,M26,PPMM,0.2517
P38,P26,PPPP,0.2524
P38,M27,PPMM,0.0929
P38,P27,PPPP,0.2034
P38,M28,PPMM,0.1767
P38,P28,PPPP,0.2349
P38,M29,PPMM,0.0294
P38,P29,PPPP,0.1296
P38,M37,PPMM,0.121
P38,P37,PPPP,0.1442
P38,M40,PPMM,0.0177
P38,P40,PPPP,0.1721
P38,M41,PPMM,0.3015
P38,P41,PPPP,0.2655
P38,M43,PPMM,0.0808
P38,P43,PPPP,0.1672
P38,M44,PPMM,0.3516
P38,P44,PPPP,0.3034
P38,M45,PPMM,0.3055
P38,P45,PPPP,0.2819
P38,M46,PPMM,0.0725
P38,P46,PPPP,0.1547
P38,M47,PPMM,0.2108
P38,P47,PPPP,0.0395
P38,M48,PPMM,0.1925
P38,P48,PPPP,0.1872
P38,M6,PPMM,0.1746
P38,P6,PPPP,0.1398
P38,M7,PPMM,0.1345
P38,P7,PPPP,0.0127
P38,M8,PPMM,0.0766
P38,P8,PPPP,0.1404
P38,M10,PPMM,0.1418
P38,P10,PPPP,-0.0954
P38,M11,PPMM,0.042
P38,P11,PPPP,0.2296
P38,M12,PPMM,0.1528
P38,P12,PPPP,0.109
P38,M13,PPMM,0.25
P38,P13,PPPP,0.0718
P38,M14,PPMM,0.0844
P38,P14,PPPP,0.1024
P38,M16,PPMM,0.1987
P38,P16,PPPP,0.3301
P38,M17,PPMM,0.2026
P38,P17,PPPP,0.1422
P38,M18,PPMM,0.0811
P38,P18,PPPP,0.0559
P38,M20,PPMM,0.0471
P38,P20,PPPP,0.0216
P38,M21,PPMM,0.044
P38,P21,PPPP,0.0244
P38,M23,PPMM,-0.0147
P38,P23,PPPP,0.0518
P38,M24,PPMM,0.0883
P38,P24,PPPP,0.0887
P38,M25,PPMM,0.2478
P38,P25,PPPP,0.3909
P38,M30,PPMM,0.2026
P38,P30,PPPP,0.0914
P38,M31,PPMM,0.0232
P38,P31,PPPP,0.0761
P38,M33,PPMM,0.1835
P38,P33,PPPP,0.2758
P38,M35,PPMM,0.1015
P38,P35,PPPP,0.2322
M39,P39,MMPP,0.6329
M39,M2,MMMM,0.307
M39,P2,MMPP,0.112
M39,M3,MMMM,0.0164
M39,P3,MMPP,0.1354
M39,M4,MMMM,0.0654
M39,P4,MMPP,0.172
M39,M5,MMMM,0.1725
M39,P5,MMPP,0.129
M39,M9,MMMM,0.1905
M39,P9,MMPP,0.203
M39,M15,MMMM,0.0039
M39,P15,MMPP,0.0301
M39,M19,MMMM,0.1344
M39,P19,MMPP,0.1711
M39,M26,MMMM,0.1297
M39,P26,MMPP,0.1536
M39,M27,MMMM,0.0232
M39,P27,MMPP,0.1075
M39,M28,MMMM,0.0497
M39,P28,MMPP,0.0526
M39,M29,MMMM,0.1589
M39,P29,MMPP,0.1767
M39,M37,MMMM,0.0902
M39,P37,MMPP,0.1949
M39,M40,MMMM,0.2841
M39,P40,MMPP,0.2553
M39,M41,MMMM,0.0474
M39,P41,MMPP,0.1659
M39,M43,MMMM,0.297
M39,P43,MMPP,0.0725
M39,M44,MMMM,0.0254
M39,P44,MMPP,0.0689
M39,M45,MMMM,0.135
M39,P45,MMPP,0.1467
M39,M46,MMMM,0.1607
M39,P46,MMPP,0.099
M39,M47,MMMM,0.221
M39,P47,MMPP,0.1916
M39,M48,MMMM,0.1628
M39,P48,MMPP,0.1407
M39,M6,MMMM,-0.0393
M39,P6,MMPP,0.0097
M39,M7,MMMM,0.2343
M39,P7,MMPP,0.2062
M39,M8,MMMM,0.1826
M39,P8,MMPP,0.0797
M39,M10,MMMM,0.0622
M39,P10,MMPP,0.2186
M39,M11,MMMM,0.1167
M39,P11,MMPP,0.1807
M39,M12,MMMM,0.2735
M39,P12,MMPP,0.1269
M39,M13,MMMM,0.1108
M39,P13,MMPP,0.1945
M39,M14,MMMM,0.4149
M39,P14,MMPP,0.29
M39,M16,MMMM,0.0166
M39,P16,MMPP,0.0552
M39,M17,MMMM,0.1374
M39,P17,MMPP,0.1831
M39,M18,MMMM,0.1094
M39,P18,MMPP,0.0236
M39,M20,MMMM,0.0877
M39,P20,MMPP,0.0809
M39,M21,MMMM,0.1923
M39,P21,MMPP,0.2326
M39,M23,MMMM,-0.0271
M39,P23,MMPP,0.0092
M39,M24,MMMM,0.0173
M39,P24,MMPP,0.0088
M39,M25,MMMM,0.1201
M39,P25,MMPP,0.1874
M39,M30,MMMM,0.0823
M39,P30,MMPP,0.0781
M39,M31,MMMM,0.0887
M39,P31,MMPP,0.2267
M39,M33,MMMM,0.1585
M39,P33,MMPP,0.222
M39,M35,MMMM,0.1426
M39,P35,MMPP,-0.0041
P39,M2,PPMM,0.2253
P39,P2,PPPP,0.0565
P39,M3,PPMM,0.2172
P39,P3,PPPP,0.149
P39,M4,PPMM,0.252
P39,P4,PPPP,0.2796
P39,M5,PPMM,0.1918
P39,P5,PPPP,0.1917
P39,M9,PPMM,0.177
P39,P9,PPPP,0.1321
P39,M15,PPMM,0.0953
P39,P15,PPPP,0.1844
P39,M19,PPMM,0.2651
P39,P19,PPPP,0.2409
P39,M26,PPMM,0.1028
P39,P26,PPPP,0.1137
P39,M27,PPMM,0.0564
P39,P27,PPPP,0.1676
P39,M28,PPMM,0.1435
P39,P28,PPPP,0.0798
P39,M29,PPMM,0.044
P39,P29,PPPP,0.0895
P39,M37,PPMM,0.1202
P39,P37,PPPP,0.2274
P39,M40,PPMM,0.1973
P39,P40,PPPP,0.3474
P39,M41,PPMM,0.0257
P39,P41,PPPP,0.0033
P39,M43,PPMM,0.1474
P39,P43,PPPP,0.2184
P39,M44,PPMM,0.0169
P39,P44,PPPP,0.1358
P39,M45,PPMM,0.1424
P39,P45,PPPP,0.1413
P39,M46,PPMM,0.274
P39,P46,PPPP,0.2513
P39,M47,PPMM,0.182
P39,P47,PPPP,0.0276
P39,M48,PPMM,0.2663
P39,P48,PPPP,0.2014
P39,M6,PPMM,0.0342
P39,P6,PPPP,0.0691
P39,M7,PPMM,0.4245
P39,P7,PPPP,0.1473
P39,M8,PPMM,0.0916
P39,P8,PPPP,0.1375
P39,M10,PPMM,0.1097
P39,P10,PPPP,0.2185
P39,M11,PPMM,0.1215
P39,P11,PPPP,0.1587
P39,M12,PPMM,0.0444
P39,P12,PPPP,-0.011
P39,M13,PPMM,0.114
P39,P13,PPPP,0.257
P39,M14,PPMM,0.3591
P39,P14,PPPP,0.2928
P39,M16,PPMM,0.0908
P39,P16,PPPP,0.0497
P39,M17,PPMM,0.2397
P39,P17,PPPP,0.0605
P39,M18,PPMM,-0.127
P39,P18,PPPP,-0.0432
P39,M20,PPMM,0.3085
P39,P20,PPPP,0.0671
P39,M21,PPMM,0.2231
P39,P21,PPPP,0.2658
P39,M23,PPMM,0.1841
P39,P23,PPPP,0.136
P39,M24,PPMM,0.1115
P39,P24,PPPP,0.0993
P39,M25,PPMM,0.2022
P39,P25,PPPP,0.269
P39,M30,PPMM,0.1
P39,P30,PPPP,0.2123
P39,M31,PPMM,-0.0464
P39,P31,PPPP,0.1501
P39,M33,PPMM,0.1361
P39,P33,PPPP,0.2028
P39,M35,PPMM,0.1535
P39,P35,PPPP,0.0527
M2,P2,MMPP,0.5324
M2,M3,MMMM,0.0759
M2,P3,MMPP,0.1196
M2,M4,MMMM,-0.0454
M2,P4,MMPP,-0.0752
M2,M5,MMMM,0.1507
M2,P5,MMPP,0.2055
M2,M9,MMMM,0.1468
M2,P9,MMPP,0.23
M2,M15,MMMM,0.0144
M2,P15,MMPP,0.1218
M2,M19,MMMM,0.0258
M2,P19,MMPP,0.0768
M2,M26,MMMM,0.1165
M2,P26,MMPP,0.057
M2,M27,MMMM,-0.027
M2,P27,MMPP,-0.02
M2,M28,MMMM,0.0092
M2,P28,MMPP,0.0357
M2,M29,MMMM,0.0426
M2,P29,MMPP,0.1658
M2,M37,MMMM,0.0902
M2,P37,MMPP,0.0148
M2,M40,MMMM,0.2233
M2,P40,MMPP,0.1878
M2,M41,MMMM,0.1017
M2,P41,MMPP,0.1511
M2,M43,MMMM,0.1692
M2,P43,MMPP,0.127
M2,M44,MMMM,0.0744
M2,P44,MMPP,0.0237
M2,M45,MMMM,0.0979
M2,P45,MMPP,0.1673
M2,M46,MMMM,0.1597
M2,P46,MMPP,0.041
M2,M47,MMMM,0.1193
M2,P47,MMPP,0.1198
M2,M48,MMMM,0.1482
M2,P48,MMPP,0.0923
M2,M6,MMMM,0.2516
M2,P6,MMPP,0.1309
M2,M7,MMMM,0.036
M2,P7,MMPP,0.0256
M2,M8,MMMM,0.2202
M2,P8,MMPP,0.0392
M2,M10,MMMM,0.116
M2,P10,MMPP,0.0348
M2,M11,MMMM,0.1078
M2,P11,MMPP,0.0594
M2,M12,MMMM,0.1539
M2,P12,MMPP,0.1078
M2,M13,MMMM,0.0882
M2,P13,MMPP,0.1174
M2,M14,MMMM,0.1014
M2,P14,MMPP,0.134
M2,M16,MMMM,0.1441
M2,P16,MMPP,0.0831
M2,M17,MMMM,0.204
M2,P17,MMPP,0.2757
M2,M18,MMMM,0.1291
M2,P18,MMPP,0.0888
M2,M20,MMMM,0.0743
M2,P20,MMPP,-0.0441
M2,M21,MMMM,0.1282
M2,P21,MMPP,0.1606
M2,M23,MMMM,0.1213
M2,P23,MMPP,0.1773
M2,M24,MMMM,-0.066
M2,P24,MMPP,-0.0761
M2,M25,MMMM,0.1784
M2,P25,MMPP,0.0804
M2,M30,MMMM,0.2481
M2,P30,MMPP,0.3708
M2,M31,MMMM,0.06
M2,P31,MMPP,0.1097
M2,M33,MMMM,0.2087
M2,P33,MMPP,0.1609
M2,M35,MMMM,0.1361
M2,P35,MMPP,0.1406
P2,M3,PPMM,0.1206
P2,P3,PPPP,0.201
P2,M4,PPMM,0.1103
P2,P4,PPPP,0.1115
P2,M5,PPMM,0.1133
P2,P5,PPPP,0.1329
P2,M9,PPMM,0.0768
P2,P9,PPPP,0.2584
P2,M15,PPMM,0.147
P2,P15,PPPP,0.0582
P2,M19,PPMM,0.0015
P2,P19,PPPP,0.1
P2,M26,PPMM,0.0541
P2,P26,PPPP,0.2171
P2,M27,PPMM,0.1472
P2,P27,PPPP,0.0939
P2,M28,PPMM,-0.0536
P2,P28,PPPP,0.2148
P2,M29,PPMM,0.1632
P2,P29,PPPP,0.2221
P2,M37,PPMM,0.0526
P2,P37,PPPP,0.0635
P2,M40,PPMM,0.2048
P2,P40,PPPP,0.2258
P2,M41,PPMM,0.0474
P2,P41,PPPP,0.0602
P2,M43,PPMM,0.2071
P2,P43,PPPP,0.0004
P2,M44,PPMM,0.0505
P2,P44,PPPP,0.0472
P2,M45,PPMM,0.1332
P2,P45,PPPP,0.0973
P2,M46,PPMM,0.189
P2,P46,PPPP,0.1524
P2,M47,PPMM,0.1749
P2,P47,PPPP,0.1807
P2,M48,PPMM,-0.0863
P2,P48,PPPP,-0.012
P2,M6,PPMM,0.2416
P2,P6,PPPP,0.1657
P2,M7,PPMM,0.0888
P2,P7,PPPP,0.2018
P2,M8,PPMM,0.2526
P2,P8,PPPP,0.1689
P2,M10,PPMM,0.2083
P2,P10,PPPP,0.1588
P2,M11,PPMM,0.1817
P2,P11,PPPP,0.1958
P2,M12,PPMM,0.1653
P2,P12,PPPP,0.2206
P2,M13,PPMM,0.0122
P2,P13,PPPP,0.0531
P2,M14,PPMM,0.0919
P2,P14,PPPP,0.135
P2,M16,PPMM,0.0378
P2,P16,PPPP,0.0798
P2,M17,PPMM,0.0976
P2,P17,PPPP,0.0416
P2,M18,PPMM,0.0118
P2,P18,PPPP,0.0994
P2,M20,PPMM,0.0197
P2,P20,PPPP,0.0773
P2,M21,PPMM,0.0734
P2,P21,PPPP,0.1122
P2,M23,PPMM,0.1973
P2,P23,PPPP,0.1496
P2,M24,PPMM,0.0648
P2,P24,PPPP,-0.0891
P2,M25,PPMM,0.3677
P2,P25,PPPP,0.3215
P2,M30,PPMM,0.1875
P2,P30,PPPP,0.3873
P2,M31,PPMM,0.1024
P2,P31,PPPP,0.0706
P2,M33,PPMM,0.0561
P2,P33,PPPP,0.0986
P2,M35,PPMM,0.2673
P2,P35,PPPP,0.2692
M3,P3,MMPP,0.5072
M3,M4,MMMM,-0.0026
M3,P4,MMPP,0.13
M3,M5,MMMM,0.2415
M3,P5,MMPP,0.0538
M3,M9,MMMM,0.1069
M3,P9,MMPP,0.1906
M3,M15,MMMM,0.1648
M3,P15,MMPP,0.2158
M3,M19,MMMM,0.0975
M3,P19,MMPP,0.1875
M3,M26,MMMM,0.0642
M3,P26,MMPP,0.0407
M3,M27,MMMM,0.138
M3,P27,MMPP,0.1134
M3,M28,MMMM,0.1807
M3,P28,MMPP,0.2201
M3,M29,MMMM,0.2056
M3,P29,MMPP,0.0541
M3,M37,MMMM,0.0308
M3,P37,MMPP,0.2321
M3,M40,MMMM,0.2358
M3,P40,MMPP,0.2151
M3,M41,MMMM,-0.0049
M3,P41,MMPP,0.0971
M3,M43,MMMM,0.1774
M3,P43,MMPP,0.1136
M3,M44,MMMM,0.0292
M3,P44,MMPP,0.0299
M3,M45,MMMM,0.0463
M3,P45,MMPP,0.1227
M3,M46,MMMM,0.1638
M3,P46,MMPP,0.2191
M3,M47,MMMM,0.0924
M3,P47,MMPP,0.0737
M3,M48,MMMM,0.1533
M3,P48,MMPP,0.1155
M3,M6,MMMM,0.0772
M3,P6,MMPP,0.1268
M3,M7,MMMM,0.1183
M3,P7,MMPP,0.0787
M3,M8,MMMM,0.0962
M3,P8,MMPP,0.093
M3,M10,MMMM,0.2193
M3,P10,MMPP,0.2141
M3,M11,MMMM,0.144
M3,P11,MMPP,0.0166
M3,M12,MMMM,0.1553
M3,P12,MMPP,0.0708
M3,M13,MMMM,0.028
M3,P13,MMPP,-0.0855
M3,M14,MMMM,0.2182
M3,P14,MMPP,0.045
M3,M16,MMMM,0.2596
M3,P16,MMPP,0.0016
M3,M17,MMMM,0.0561
M3,P17,MMPP,0.0194
M3,M18,MMMM,0.278
M3,P18,MMPP,0.0243
M3,M20,MMMM,0.2198
M3,P20,MMPP,0.2232
M3,M21,MMMM,0.1819
M3,P21,MMPP,0.2541
M3,M23,MMMM,0.124
M3,P23,MMPP,-0.0174
M3,M24,MMMM,0.0253
M3,P24,MMPP,0.0139
M3,M25,MMMM,0.1367
M3,P25,MMPP,0.1853
M3,M30,MMMM,0.0973
M3,P30,MMPP,0.398
M3,M31,MMMM,0.199
M3,P31,MMPP,0.0844
M3,M33,MMMM,0.1131
M3,P33,MMPP,0.0792
M3,M35,MMMM,-0.0176
M3,P35,MMPP,-0.0103
P3,M4,PPMM,0.0691
P3,P4,PPPP,0.1211
P3,M5,PPMM,0.0274
P3,P5,PPPP,0.0993
P3,M9,PPMM,0.2288
P3,P9,PPPP,0.1317
P3,M15,PPMM,0.315
P3,P15,PPPP,0.3166
P3,M19,PPMM,0.0384
P3,P19,PPPP,0.1116
P3,M26,PPMM,0.142
P3,P26,PPPP,0.096
P3,M27,PPMM,0.1705
P3,P27,PPPP,0.1558
P3,M28,PPMM,0.2695
P3,P28,PPPP,0.2588
P3,M29,PPMM,0.1744
P3,P29,PPPP,0.1761
P3,M37,PPMM,0.0761
P3,P37,PPPP,0.0943
P3,M40,PPMM,0.4169
P3,P40,PPPP,0.2116
P3,M41,PPMM,0.1489
P3,P41,PPPP,0.1397
P3,M43,PPMM,0.1677
P3,P43,PPPP,0.0432
P3,M44,PPMM,-0.0066
P3,P44,PPPP,0.0319
P3,M45,PPMM,0.2017
P3,P45,PPPP,0.133
P3,M46,PPMM,0.187
P3,P46,PPPP,0.1947
P3,M47,PPMM,0.1909
P3,P47,PPPP,0.0595
P3,M48,PPMM,0.1784
P3,P48,PPPP,0.4791
P3,M6,PPMM,0.2287
P3,P6,PPPP,0.0305
P3,M7,PPMM,0.0653
P3,P7,PPPP,0.0761
P3,M8,PPMM,0.1688
P3,P8,PPPP,0.247
P3,M10,PPMM,0.053
P3,P10,PPPP,0.1437
P3,M11,PPMM,0.0972
P3,P11,PPPP,0.0725
P3,M12,PPMM,0.2443
P3,P12,PPPP,-0.0451
P3,M13,PPMM,0.1434
P3,P13,PPPP,0.0256
P3,M14,PPMM,0.1481
P3,P14,PPPP,0.0518
P3,M16,PPMM,0.1173
P3,P16,PPPP,0.1272
P3,M17,PPMM,0.0841
P3,P17,PPPP,0.0761
P3,M18,PPMM,0.3441
P3,P18,PPPP,0.0782
P3,M20,PPMM,0.2433
P3,P20,PPPP,0.1549
P3,M21,PPMM,0.0015
P3,P21,PPPP,0.0513
P3,M23,PPMM,0.151
P3,P23,PPPP,0.1475
P3,M24,PPMM,0.1455
P3,P24,PPPP,-0.0506
P3,M25,PPMM,0.1632
P3,P25,PPPP,-0.0209
P3,M30,PPMM,0.2364
P3,P30,PPPP,0.2002
P3,M31,PPMM,0.3448
P3,P31,PPPP,0.2428
P3,M33,PPMM,0.135
P3,P33,PPPP,-0.0083
P3,M35,PPMM,0.1562
P3,P35,PPPP,0.0987
M4,P4,MMPP,0.557
M4,M5,MMMM,-0.0589
M4,P5,MMPP,-0.0152
M4,M9,MMMM,0.1647
M4,P9,MMPP,0.0465
M4,M15,MMMM,0.1046
M4,P15,MMPP,0.1864
M4,M19,MMMM,0.2077
M4,P19,MMPP,0.0518
M4,M26,MMMM,0.2749
M4,P26,MMPP,0.2921
M4,M27,MMMM,0.1417
M4,P27,MMPP,0.0652
M4,M28,MMMM,0.063
M4,P28,MMPP,0.2467
M4,M29,MMMM,0.085
M4,P29,MMPP,0.0227
M4,M37,MMMM,0.1621
M4,P37,MMPP,0.1285
M4,M40,MMMM,0.0281
M4,P40,MMPP,0.1392
M4,M41,MMMM,0.0136
M4,P41,MMPP,-0.0623
M4,M43,MMMM,0.1412
M4,P43,MMPP,0.0185
M4,M44,MMMM,0.1161
M4,P44,MMPP,0.2536
M4,M45,MMMM,0.1001
M4,P45,MMPP,0.1667
M4,M46,MMMM,0.1075
M4,P46,MMPP,0.1707
M4,M47,MMMM,0.0636
M4,P47,MMPP,0.0156
M4,M48,MMMM,0.0275
M4,P48,MMPP,0.1065
M4,M6,MMMM,0.1802
M4,P6,MMPP,0.1955
M4,M7,MMMM,0.1724
M4,P7,MMPP,0.1027
M4,M8,MMMM,0.0479
M4,P8,MMPP,0.1294
M4,M10,MMMM,0.2318
M4,P10,MMPP,0.2709
M4,M11,MMMM,0.0395
M4,P11,MMPP,0.1319
M4,M12,MMMM,-0.0208
M4,P12,MMPP,-0.0458
M4,M13,MMMM,0.2473
M4,P13,MMPP,0.1733
M4,M14,MMMM,0.1969
M4,P14,MMPP,0.111
M4,M16,MMMM,0.169
M4,P16,MMPP,0.2141
M4,M17,MMMM,0.1788
M4,P17,MMPP,0.1132
M4,M18,MMMM,0.0673
M4,P18,MMPP,0.1844
M4,M20,MMMM,0.1222
M4,P20,MMPP,0.1741
M4,M21,MMMM,0.1883
M4,P21,MMPP,0.1045
M4,M23,MMMM,0.1157
M4,P23,MMPP,0.1281
M4,M24,MMMM,0.0178
M4,P24,MMPP,0.1477
M4,M25,MMMM,0.2305
M4,P25,MMPP,0.2832
M4,M30,MMMM,0.0968
M4,P30,MMPP,-0.0428
M4,M31,MMMM,-0.0256
M4,P31,MMPP,-0.0102
M4,M33,MMMM,0.0398
M4,P33,MMPP,0.054
M4,M35,MMMM,0.0286
M4,P35,MMPP,0.0645
P4,M5,PPMM,0.1403
P4,P5,PPPP,0.0021
P4,M9,PPMM,0.2437
P4,P9,PPPP,0.0711
P4,M15,PPMM,0.1555
P4,P15,PPPP,0.1927
P4,M19,PPMM,0.1703
P4,P19,PPPP,0.1248
P4,M26,PPMM,0.151
P4,P26,PPPP,0.1962
P4,M27,PPMM,0.2072
P4,P27,PPPP,0.1154
P4,M28,PPMM,0.0442
P4,P28,PPPP,0.2893
P4,M29,PPMM,0.1488
P4,P29,PPPP,0.0268
P4,M37,PPMM,0.1478
P4,P37,PPPP,0.0223
P4,M40,PPMM,0.0722
P4,P40,PPPP,0.196
P4,M41,PPMM,0.1428
P4,P41,PPPP,0.1064
P4,M43,PPMM,0.0704
P4,P43,PPPP,0.1644
P4,M44,PPMM,0.0778
P4,P44,PPPP,0.1538
P4,M45,PPMM,0.1703
P4,P45,PPPP,0.1243
P4,M46,PPMM,0.045
P4,P46,PPPP,0.1519
P4,M47,PPMM,0.0828
P4,P47,PPPP,0.1299
P4,M48,PPMM,-0.0287
P4,P48,PPPP,0.0786
P4,M6,PPMM,0.1655
P4,P6,PPPP,0.2263
P4,M7,PPMM,0.2119
P4,P7,PPPP,0.0943
P4,M8,PPMM,0.256
P4,P8,PPPP,0.0947
P4,M10,PPMM,0.0406
P4,P10,PPPP,0.217
P4,M11,PPMM,0.0882
P4,P11,PPPP,0.0881
P4,M12,PPMM,0.1473
P4,P12,PPPP,0.006
P4,M13,PPMM,0.1637
P4,P13,PPPP,0.0752
P4,M14,PPMM,0.298
P4,P14,PPPP,0.2006
P4,M16,PPMM,0.2697
P4,P16,PPPP,0.2839
P4,M17,PPMM,0.1031
P4,P17,PPPP,-0.0371
P4,M18,PPMM,-0.0639
P4,P18,PPPP,0.0594
P4,M20,PPMM,0.191
P4,P20,PPPP,0.1266
P4,M21,PPMM,0.1967
P4,P21,PPPP,0.1734
P4,M23,PPMM,0.1268
P4,P23,PPPP,0.0004
P4,M24,PPMM,0.0491
P4,P24,PPPP,0.076
P4,M25,PPMM,0.0833
P4,P25,PPPP,0.2623
P4,M30,PPMM,0.1304
P4,P30,PPPP,0.1199
P4,M31,PPMM,0.0482
P4,P31,PPPP,0.0418
P4,M33,PPMM,0.2308
P4,P33,PPPP,0.1089
P4,M35,PPMM,0.1649
P4,P35,PPPP,-0.0103
M5,P5,MMPP,0.5798
M5,M9,MMMM,0.2764
M5,P9,MMPP,0.3219
M5,M15,MMMM,0.1257
M5,P15,MMPP,0.1084
M5,M19,MMMM,0.226
M5,P19,MMPP,0.3323
M5,M26,MMMM,-0.0022
M5,P26,MMPP,0.0427
M5,M27,MMMM,0.1109
M5,P27,MMPP,0.0486
M5,M28,MMMM,0.16
M5,P28,MMPP,0.2472
M5,M29,MMMM,0.2313
M5,P29,MMPP,0.1544
M5,M37,MMMM,0.1393
M5,P37,MMPP,0.152
M5,M40,MMMM,0.2349
M5,P40,MMPP,0.1752
M5,M41,MMMM,0.2219
M5,P41,MMPP,0.2758
M5,M43,MMMM,0.0867
M5,P43,MMPP,0.3006
M5,M44,MMMM,0.1382
M5,P44,MMPP,0.0189
M5,M45,MMMM,0.3211
M5,P45,MMPP,0.2174
M5,M46,MMMM,0.1354
M5,P46,MMPP,0.0023
M5,M47,MMMM,0.0181
M5,P47,MMPP,-0.0435
M5,M48,MMMM,0.1278
M5,P48,MMPP,0.0945
M5,M6,MMMM,0.0208
M5,P6,MMPP,0.0924
M5,M7,MMMM,0.1086
M5,P7,MMPP,0.0773
M5,M8,MMMM,0.0921
M5,P8,MMPP,-0.0698
M5,M10,MMMM,0.1125
M5,P10,MMPP,0.0092
M5,M11,MMMM,0.2007
M5,P11,MMPP,0.0885
M5,M12,MMMM,0.1079
M5,P12,MMPP,0.2218
M5,M13,MMMM,0.0169
M5,P13,MMPP,0.0179
M5,M14,MMMM,0.0291
M5,P14,MMPP,0.2256
M5,M16,MMMM,0.1077
M5,P16,MMPP,0.0185
M5,M17,MMMM,0.1094
M5,P17,MMPP,0.0396
M5,M18,MMMM,0.1541
M5,P18,MMPP,0.0728
M5,M20,MMMM,0.106
M5,P20,MMPP,0.1999
M5,M21,MMMM,0.1113
M5,P21,MMPP,0.2162
M5,M23,MMMM,0.1225
M5,P23,MMPP,0.0148
M5,M24,MMMM,0.0294
M5,P24,MMPP,-0.007
M5,M25,MMMM,0.2327
M5,P25,MMPP,0.4205
M5,M30,MMMM,0.3729
M5,P30,MMPP,0.3196
M5,M31,MMMM,0.0224
M5,P31,MMPP,0.0755
M5,M33,MMMM,0.1399
M5,P33,MMPP,0.1215
M5,M35,MMMM,0.0906
M5,P35,MMPP,-0.0326
P5,M9,PPMM,0.2993
P5,P9,PPPP,0.3523
P5,M15,PPMM,0.0702
P5,P15,PPPP,0.0567
P5,M19,PPMM,0.1978
P5,P19,PPPP,0.2552
P5,M26,PPMM,-0.1345
P5,P26,PPPP,-0.0398
P5,M27,PPMM,0.1145
P5,P27,PPPP,0.0101
P5,M28,PPMM,0.1616
P5,P28,PPPP,0.1309
P5,M29,PPMM,0.1962
P5,P29,PPPP,0.1798
P5,M37,PPMM,0.1669
P5,P37,PPPP,0.217
P5,M40,PPMM,0.2741
P5,P40,PPPP,0.1722
P5,M41,PPMM,0.1044
P5,P41,PPPP,0.1552
P5,M43,PPMM,0.105
P5,P43,PPPP,0.1248
P5,M44,PPMM,-0.0078
P5,P44,PPPP,0.1448
P5,M45,PPMM,0.2881
P5,P45,PPPP,0.0909
P5,M46,PPMM,0.1506
P5,P46,PPPP,-0.0444
P5,M47,PPMM,0.1203
P5,P47,PPPP,-0.0481
P5,M48,PPMM,0.1682
P5,P48,PPPP,0.4236
P5,M6,PPMM,0.2289
P5,P6,PPPP,0.1107
P5,M7,PPMM,0.1335
P5,P7,PPPP,0.191
P5,M8,PPMM,0.0836
P5,P8,PPPP,0.0769
P5,M10,PPMM,0.1928
P5,P10,PPPP,0.0587
P5,M11,PPMM,0.2358
P5,P11,PPPP,0.1813
P5,M12,PPMM,0.108
P5,P12,PPPP,0.0405
P5,M13,PPMM,0.0025
P5,P13,PPPP,0.0333
P5,M14,PPMM,-0.0749
P5,P14,PPPP,0.1255
P5,M16,PPMM,0.089
P5,P16,PPPP,0.1272
P5,M17,PPMM,0.1172
P5,P17,PPPP,0.265
P5,M18,PPMM,0.1505
P5,P18,PPPP,0.2674
P5,M20,PPMM,0.2258
P5,P20,PPPP,0.2581
P5,M21,PPMM,0.0319
P5,P21,PPPP,0.1305
P5,M23,PPMM,0.1764
P5,P23,PPPP,0.2947
P5,M24,PPMM,0.1612
P5,P24,PPPP,0.0825
P5,M25,PPMM,0.1713
P5,P25,PPPP,0.17
P5,M30,PPMM,0.2625
P5,P30,PPPP,0.2342
P5,M31,PPMM,-0.0774
P5,P31,PPPP,0.0655
P5,M33,PPMM,0.1831
P5,P33,PPPP,0.1439
P5,M35,PPMM,0.093
P5,P35,PPPP,0.1204
M9,P9,MMPP,0.624
M9,M15,MMMM,0.2104
M9,P15,MMPP,0.1806
M9,M19,MMMM,0.1128
M9,P19,MMPP,0.1154
M9,M26,MMMM,-0.0387
M9,P26,MMPP,0.08
M9,M27,MMMM,0.2042
M9,P27,MMPP,0.3044
M9,M28,MMMM,0.1781
M9,P28,MMPP,0.2676
M9,M29,MMMM,0.0839
M9,P29,MMPP,0.184
M9,M37,MMMM,0.0959
M9,P37,MMPP,0.1123
M9,M40,MMMM,0.0443
M9,P40,MMPP,0.0596
M9,M41,MMMM,0.037
M9,P41,MMPP,0.1252
M9,M43,MMMM,0.1395
M9,P43,MMPP,0.1729
M9,M44,MMMM,0.008
M9,P44,MMPP,-0.0691
M9,M45,MMMM,0.3101
M9,P45,MMPP,0.122
M9,M46,MMMM,0.168
M9,P46,MMPP,0.1912
M9,M47,MMMM,0.0242
M9,P47,MMPP,0.0147
M9,M48,MMMM,0.1067
M9,P48,MMPP,0.2626
M9,M6,MMMM,0.232
M9,P6,MMPP,0.0786
M9,M7,MMMM,0.0413
M9,P7,MMPP,0.1487
M9,M8,MMMM,0.1922
M9,P8,MMPP,0.1532
M9,M10,MMMM,0.0217
M9,P10,MMPP,0.0633
M9,M11,MMMM,0.0834
M9,P11,MMPP,0.0753
M9,M12,MMMM,0.1427
M9,P12,MMPP,-0.0793
M9,M13,MMMM,0.0289
M9,P13,MMPP,-0.0083
M9,M14,MMMM,0.1044
M9,P14,MMPP,0.19
M9,M16,MMMM,0.0237
M9,P16,MMPP,0.1331
M9,M17,MMMM,0.2021
M9,P17,MMPP,0.2073
M9,M18,MMMM,0.016
M9,P18,MMPP,-0.011
M9,M20,MMMM,0.2346
M9,P20,MMPP,0.1247
M9,M21,MMMM,0.0582
M9,P21,MMPP,0.1597
M9,M23,MMMM,0.1232
M9,P23,MMPP,0.1778
M9,M24,MMMM,0.1764
M9,P24,MMPP,0.1658
M9,M25,MMMM,0.2313
M9,P25,MMPP,0.0908
M9,M30,MMMM,0.2261
M9,P30,MMPP,-0.0588
M9,M31,MMMM,0.0197
M9,P31,MMPP,0.1498
M9,M33,MMMM,0.2345
M9,P33,MMPP,0.1828
M9,M35,MMMM,0.1783
M9,P35,MMPP,-0.0211
P9,M15,PPMM,0.1893
P9,P15,PPPP,0.1606
P9,M19,PPMM,0.1385
P9,P19,PPPP,0.0996
P9,M26,PPMM,0.1067
P9,P26,PPPP,0.2205
P9,M27,PPMM,0.0931
P9,P27,PPPP,0.133
P9,M28,PPMM,0.099
P9,P28,PPPP,0.1049
P9,M29,PPMM,0.0728
P9,P29,PPPP,0.0638
P9,M37,PPMM,0.1924
P9,P37,PPPP,0.1225
P9,M40,PPMM,0.2679
P9,P40,PPPP,0.177
P9,M41,PPMM,0.2017
P9,P41,PPPP,0.1826
P9,M43,PPMM,0.0755
P9,P43,PPPP,0.1963
P9,M44,PPMM,0.074
P9,P44,PPPP,-0.0434
P9,M45,PPMM,0.3317
P9,P45,PPPP,0.1658
P9,M46,PPMM,0.2727
P9,P46,PPPP,0.2201
P9,M47,PPMM,0.0847
P9,P47,PPPP,0.077
P9,M48,PPMM,0.2067
P9,P48,PPPP,0.112
P9,M6,PPMM,0.0386
P9,P6,PPPP,0.1345
P9,M7,PPMM,0.1802
P9,P7,PPPP,0.206
P9,M8,PPMM,0.1593
P9,P8,PPPP,0.102
P9,M10,PPMM,0.0927
P9,P10,PPPP,0.1198
P9,M11,PPMM,0.1273
P9,P11,PPPP,0.2012
P9,M12,PPMM,0.1557
P9,P12,PPPP,0.0335
P9,M13,PPMM,0.0754
P9,P13,PPPP,0.0415
P9,M14,PPMM,0.0906
P9,P14,PPPP,0.071
P9,M16,PPMM,0.0691
P9,P16,PPPP,0.0782
P9,M17,PPMM,0.2357
P9,P17,PPPP,0.2139
P9,M18,PPMM,0.1216
P9,P18,PPPP,0.089
P9,M20,PPMM,-0.0062
P9,P20,PPPP,-0.0283
P9,M21,PPMM,0.1622
P9,P21,PPPP,0.2526
P9,M23,PPMM,0.1826
P9,P23,PPPP,0.2113
P9,M24,PPMM,0.1534
P9,P24,PPPP,0.1413
P9,M25,PPMM,0.138
P9,P25,PPPP,0.3171
P9,M30,PPMM,0.3161
P9,P30,PPPP,0.142
P9,M31,PPMM,-0.0259
P9,P31,PPPP,0.0032
P9,M33,PPMM,0.091
P9,P33,PPPP,0.0614
P9,M35,PPMM,0.1412
P9,P35,PPPP,-0.0074
M15,P15,MMPP,0.5736
M15,M19,MMMM,0.067
M15,P19,MMPP,0.0116
M15,M26,MMMM,0.1943
M15,P26,MMPP,0.1589
M15,M27,MMMM,0.2692
M15,P27,MMPP,0.0612
M15,M28,MMMM,0.1923
M15,P28,MMPP,0.088
M15,M29,MMMM,0.1043
M15,P29,MMPP,0.1567
M15,M37,MMMM,-0.1017
M15,P37,MMPP,0.0884
M15,M40,MMMM,-0.1216
M15,P40,MMPP,-0.0635
M15,M41,MMMM,0.108
M15,P41,MMPP,0.1685
M15,M43,MMMM,0.2057
M15,P43,MMPP,0.2
M15,M44,MMMM,0.202
M15,P44,MMPP,0.0801
M15,M45,MMMM,0.1523
M15,P45,MMPP,0.0368
M15,M46,MMMM,0.0494
M15,P46,MMPP,0.039
M15,M47,MMMM,-0.0093
M15,P47,MMPP,-0.113
M15,M48,MMMM,0.0209
M15,P48,MMPP,0.1083
M15,M6,MMMM,0.2813
M15,P6,MMPP,0.2034
M15,M7,MMMM,0.1652
M15,P7,MMPP,0.109
M15,M8,MMMM,0.0293
M15,P8,MMPP,0.0784
M15,M10,MMMM,0.1885
M15,P10,MMPP,0.1295
M15,M11,MMMM,0.0946
M15,P11,MMPP,0.0699
M15,M12,MMMM,0.0471
M15,P12,MMPP,0.0856
M15,M13,MMMM,0.0465
M15,P13,MMPP,0.0562
M15,M14,MMMM,-0.0869
M15,P14,MMPP,0.0911
M15,M16,MMMM,0.0554
M15,P16,MMPP,0.0524
M15,M17,MMMM,0.1074
M15,P17,MMPP,0.1281
M15,M18,MMMM,0.2338
M15,P18,MMPP,0.157
M15,M20,MMMM,0.1771
M15,P20,MMPP,0.0344
M15,M21,MMMM,0.0569
M15,P21,MMPP,0.0785
M15,M23,MMMM,0.1445
M15,P23,MMPP,0.2443
M15,M24,MMMM,0.2969
M15,P24,MMPP,0.1725
M15,M25,MMMM,0.196
M15,P25,MMPP,0.1481
M15,M30,MMMM,0.1957
M15,P30,MMPP,0.2262
M15,M31,MMMM,0.1417
M15,P31,MMPP,0.1458
M15,M33,MMMM,0.1436
M15,P33,MMPP,0.1009
M15,M35,MMMM,0.1731
M15,P35,MMPP,0.0859
P15,M19,PPMM,0.0462
P15,P19,PPPP,0.0881
P15,M26,PPMM,0.1316
P15,P26,PPPP,0.1665
P15,M27,PPMM,0.2273
P15,P27,PPPP,0.1241
P15,M28,PPMM,0.1875
P15,P28,PPPP,0.2279
P15,M29,PPMM,0.0142
P15,P29,PPPP,0.0401
P15,M37,PPMM,0.0266
P15,P37,PPPP,0.1147
P15,M40,PPMM,0.0873
P15,P40,PPPP,0.0871
P15,M41,PPMM,0.1456
P15,P41,PPPP,0.0664
P15,M43,PPMM,0.2317
P15,P43,PPPP,0.0649
P15,M44,PPMM,0.1829
P15,P44,PPPP,0.094
P15,M45,PPMM,0.1661
P15,P45,PPPP,0.2109
P15,M46,PPMM,0.0884
P15,P46,PPPP,0.1337
P15,M47,PPMM,0.0615
P15,P47,PPPP,0.0642
P15,M48,PPMM,0.1218
P15,P48,PPPP,0.2625
P15,M6,PPMM,0.1051
P15,P6,PPPP,0.1198
P15,M7,PPMM,0.2032
P15,P7,PPPP,0.0807
P15,M8,PPMM,-0.0109
P15,P8,PPPP,-0.0563
P15,M10,PPMM,0.1988
P15,P10,PPPP,0.1083
P15,M11,PPMM,-0.0227
P15,P11,PPPP,-0.0083
P15,M12,PPMM,0.0883
P15,P12,PPPP,0.1711
P15,M13,PPMM,0.1068
P15,P13,PPPP,0.1221
P15,M14,PPMM,0.134
P15,P14,PPPP,0.1056
P15,M16,PPMM,0.2674
P15,P16,PPPP,0.1614
P15,M17,PPMM,0.2488
P15,P17,PPPP,0.0855
P15,M18,PPMM,0.2634
P15,P18,PPPP,0.1294
P15,M20,PPMM,-0.034
P15,P20,PPPP,0.034
P15,M21,PPMM,0.2093
P15,P21,PPPP,0.1559
P15,M23,PPMM,0.2368
P15,P23,PPPP,0.1857
P15,M24,PPMM,0.2757
P15,P24,PPPP,0.2176
P15,M25,PPMM,0.1657
P15,P25,PPPP,0.1425
P15,M30,PPMM,0.2433
P15,P30,PPPP,0.2105
P15,M31,PPMM,0.1786
P15,P31,PPPP,0.0608
P15,M33,PPMM,0.1337
P15,P33,PPPP,0.1705
P15,M35,PPMM,0.1416
P15,P35,PPPP,0.0148
M19,P19,MMPP,0.6784
M19,M26,MMMM,0.1857
M19,P26,MMPP,0.2771
M19,M27,MMMM,0.0759
M19,P27,MMPP,-0.0548
M19,M28,MMMM,0.0684
M19,P28,MMPP,0.1233
M19,M29,MMMM,0.1879
M19,P29,MMPP,0.1977
M19,M37,MMMM,0.1879
M19,P37,MMPP,0.1567
M19,M40,MMMM,0.1953
M19,P40,MMPP,0.302
M19,M41,MMMM,-0.0419
M19,P41,MMPP,0.0871
M19,M43,MMMM,0.0893
M19,P43,MMPP,0.1864
M19,M44,MMMM,0.2124
M19,P44,MMPP,0.2248
M19,M45,MMMM,0.154
M19,P45,MMPP,0.1784
M19,M46,MMMM,0.0791
M19,P46,MMPP,0.1118
M19,M47,MMMM,0.1341
M19,P47,MMPP,0.0064
M19,M48,MMMM,0.0104
M19,P48,MMPP,-0.0641
M19,M6,MMMM,0.0957
M19,P6,MMPP,0.1437
M19,M7,MMMM,0.1575
M19,P7,MMPP,0.1574
M19,M8,MMMM,0.1182
M19,P8,MMPP,0.1857
M19,M10,MMMM,0.0921
M19,P10,MMPP,0.1253
M19,M11,MMMM,0.0522
M19,P11,MMPP,0.042
M19,M12,MMMM,-0.0354
M19,P12,MMPP,0.0727
M19,M13,MMMM,0.0732
M19,P13,MMPP,0.1829
M19,M14,MMMM,0.1227
M19,P14,MMPP,0.0414
M19,M16,MMMM,0.1939
M19,P16,MMPP,0.1364
M19,M17,MMMM,0.3047
M19,P17,MMPP,0.1766
M19,M18,MMMM,0.0425
M19,P18,MMPP,0.1146
M19,M20,MMMM,0.2423
M19,P20,MMPP,0.1508
M19,M21,MMMM,-0.0212
M19,P21,MMPP,0.0535
M19,M23,MMMM,0.1623
M19,P23,MMPP,0.0905
M19,M24,MMMM,0.1548
M19,P24,MMPP,0.0594
M19,M25,MMMM,0.2415
M19,P25,MMPP,0.3034
M19,M30,MMMM,0.0795
M19,P30,MMPP,0.1226
M19,M31,MMMM,0.2172
M19,P31,MMPP,0.1049
M19,M33,MMMM,-0.0034
M19,P33,MMPP,0.178
M19,M35,MMMM,0.223
M19,P35,MMPP,0.2045
P19,M26,PPMM,0.0184
P19,P26,PPPP,0.1468
P19,M27,PPMM,0.0794
P19,P27,PPPP,-0.0292
P19,M28,PPMM,0.0916
P19,P28,PPPP,0.1785
P19,M29,PPMM,0.1088
P19,P29,PPPP,0.0654
P19,M37,PPMM,0.3084
P19,P37,PPPP,0.164
P19,M40,PPMM,0.1522
P19,P40,PPPP,0.2729
P19,M41,PPMM,0.037
P19,P41,PPPP,0.1373
P19,M43,PPMM,0.1887
P19,P43,PPPP,0.2347
P19,M44,PPMM,0.0721
P19,P44,PPPP,0.1267
P19,M45,PPMM,0.0912
P19,P45,PPPP,0.1949
P19,M46,PPMM,0.1211
P19,P46,PPPP,0.1306
P19,M47,PPMM,0.1449
P19,P47,PPPP,0.0545
P19,M48,PPMM,0.107
P19,P48,PPPP,0.0812
P19,M6,PPMM,0.1445
P19,P6,PPPP,0.1027
P19,M7,PPMM,0.2806
P19,P7,PPPP,0.1114
P19,M8,PPMM,0.0942
P19,P8,PPPP,0.1495
P19,M10,PPMM,0.0543
P19,P10,PPPP,0.0739
P19,M11,PPMM,0.0758
P19,P11,PPPP,0.1043
P19,M12,PPMM,-0.0646
P19,P12,PPPP,0.0002
P19,M13,PPMM,0.0665
P19,P13,PPPP,0.056
P19,M14,PPMM,0.0279
P19,P14,PPPP,0.0887
P19,M16,PPMM,0.1882
P19,P16,PPPP,0.0517
P19,M17,PPMM,0.4381
P19,P17,PPPP,0.1357
P19,M18,PPMM,0.0553
P19,P18,PPPP,0.0245
P19,M20,PPMM,0.1793
P19,P20,PPPP,0.0749
P19,M21,PPMM,-0.0722
P19,P21,PPPP,0.0523
P19,M23,PPMM,0.2111
P19,P23,PPPP,0.0886
P19,M24,PPMM,0.1137
P19,P24,PPPP,-0.0086
P19,M25,PPMM,0.251
P19,P25,PPPP,0.2743
P19,M30,PPMM,0.1561
P19,P30,PPPP,0.221
P19,M31,PPMM,0.2323
P19,P31,PPPP,0.1821
P19,M33,PPMM,0.1311
P19,P33,PPPP,0.2635
P19,M35,PPMM,0.069
P19,P35,PPPP,0.0852
M26,P26,MMPP,0.5912
M26,M27,MMMM,0.0776
M26,P27,MMPP,-0.0057
M26,M28,MMMM,0.0099
M26,P28,MMPP,0.1696
M26,M29,MMMM,0.1357
M26,P29,MMPP,0.056
M26,M37,MMMM,0.1727
M26,P37,MMPP,0.2022
M26,M40,MMMM,0.1102
M26,P40,MMPP,0.0566
M26,M41,MMMM,0.1817
M26,P41,MMPP,0.121
M26,M43,MMMM,0.0958
M26,P43,MMPP,0.0835
M26,M44,MMMM,0.0057
M26,P44,MMPP,0.068
M26,M45,MMMM,0.1473
M26,P45,MMPP,0.112
M26,M46,MMMM,0.1557
M26,P46,MMPP,0.1716
M26,M47,MMMM,0.1976
M26,P47,MMPP,0.1745
M26,M48,MMMM,0.0011
M26,P48,MMPP,0.1614
M26,M6,MMMM,0.0779
M26,P6,MMPP,-0.0039
M26,M7,MMMM,0.12
M26,P7,MMPP,0.0956
M26,M8,MMMM,0.0967
M26,P8,MMPP,0.1427
M26,M10,MMMM,0.1925
M26,P10,MMPP,0.1165
M26,M11,MMMM,-0.0711
M26,P11,MMPP,0.09
M26,M12,MMMM,0.0977
M26,P12,MMPP,0.0362
M26,M13,MMMM,0.0935
M26,P13,MMPP,0.098
M26,M14,MMMM,0.0903
M26,P14,MMPP,0.0044
M26,M16,MMMM,0.1574
M26,P16,MMPP,0.2993
M26,M17,MMMM,0.1438
M26,P17,MMPP,-0.0144
M26,M18,MMMM,0.1146
M26,P18,MMPP,0.0212
M26,M20,MMMM,0.0977
M26,P20,MMPP,0.0304
M26,M21,MMMM,0.1234
M26,P21,MMPP,0.0279
M26,M23,MMMM,0.1046
M26,P23,MMPP,0.1627
M26,M24,MMMM,0.0567
M26,P24,MMPP,0.0846
M26,M25,MMMM,0.2191
M26,P25,MMPP,0.4286
M26,M30,MMMM,0.1272
M26,P30,MMPP,-0.0022
M26,M31,MMMM,0.2409
M26,P31,MMPP,0.0977
M26,M33,MMMM,0.0452
M26,P33,MMPP,-0.0003
M26,M35,MMMM,0.1867
M26,P35,MMPP,0.1173
P26,M27,PPMM,0.0763
P26,P27,PPPP,0.0748
P26,M28,PPMM,0.0481
P26,P28,PPPP,0.1588
P26,M29,PPMM,0.1205
P26,P29,PPPP,0.1839
P26,M37,PPMM,0.25
P26,P37,PPPP,0.2855
P26,M40,PPMM,0.1187
P26,P40,PPPP,0.1641
P26,M41,PPMM,0.1945
P26,P41,PPPP,0.2805
P26,M43,PPMM,0.1517
P26,P43,PPPP,-0.0687
P26,M44,PPMM,0.0402
P26,P44,PPPP,-0.0185
P26,M45,PPMM,0.2708
P26,P45,PPPP,0.1366
P26,M46,PPMM,0.0898
P26,P46,PPPP,0.1562
P26,M47,PPMM,0.1448
P26,P47,PPPP,0.1786
P26,M48,PPMM,0.1177
P26,P48,PPPP,0.1273
P26,M6,PPMM,-0.0332
P26,P6,PPPP,0.0531
P26,M7,PPMM,0.2398
P26,P7,PPPP,0.263
P26,M8,PPMM,0.1964
P26,P8,PPPP,0.1592
P26,M10,PPMM,0.0513
P26,P10,PPPP,0.1194
P26,M11,PPMM,-0.0093
P26,P11,PPPP,0.0604
P26,M12,PPMM,0.147
P26,P12,PPPP,0.0983
P26,M13,PPMM,0.159
P26,P13,PPPP,0.1945
P26,M14,PPMM,0.2163
P26,P14,PPPP,0.072
P26,M16,PPMM,0.195
P26,P16,PPPP,0.292
P26,M17,PPMM,0.0544
P26,P17,PPPP,0.0286
P26,M18,PPMM,0.1076
P26,P18,PPPP,0.0165
P26,M20,PPMM,0.1454
P26,P20,PPPP,-0.0317
P26,M21,PPMM,0.1687
P26,P21,PPPP,0.1276
P26,M23,PPMM,0.2268
P26,P23,PPPP,0.1709
P26,M24,PPMM,0.1542
P26,P24,PPPP,0.0758
P26,M25,PPMM,0.1809
P26,P25,PPPP,0.2721
P26,M30,PPMM,0.1579
P26,P30,PPPP,0.0773
P26,M31,PPMM,0.1479
P26,P31,PPPP,0.1199
P26,M33,PPMM,0.0496
P26,P33,PPPP,0.0283
P26,M35,PPMM,0.4346
P26,P35,PPPP,0.3777
M27,P27,MMPP,0.5131
M27,M28,MMMM,0.0024
M27,P28,MMPP,0.1655
M27,M29,MMMM,0.0283
M27,P29,MMPP,0.1099
M27,M37,MMMM,0.1175
M27,P37,MMPP,0.148
M27,M40,MMMM,0.0626
M27,P40,MMPP,0.0566
M27,M41,MMMM,0.0464
M27,P41,MMPP,0.0949
M27,M43,MMMM,0.1848
M27,P43,MMPP,0.0428
M27,M44,MMMM,0.1564
M27,P44,MMPP,0.2653
M27,M45,MMMM,0.2093
M27,P45,MMPP,0.0297
M27,M46,MMMM,-0.18
M27,P46,MMPP,-0.0086
M27,M47,MMMM,0.0023
M27,P47,MMPP,0.016
M27,M48,MMMM,0.144
M27,P48,MMPP,0.0925
M27,M6,MMMM,0.0888
M27,P6,MMPP,0.1514
M27,M7,MMMM,0.0545
M27,P7,MMPP,0.0047
M27,M8,MMMM,0.163
M27,P8,MMPP,0.1494
M27,M10,MMMM,0.2489
M27,P10,MMPP,0.2358
M27,M11,MMMM,0.1676
M27,P11,MMPP,0.0462
M27,M12,MMMM,0.2125
M27,P12,MMPP,0.0557
M27,M13,MMMM,0.1449
M27,P13,MMPP,0.1157
M27,M14,MMMM,0.0338
M27,P14,MMPP,0.0441
M27,M16,MMMM,0.2191
M27,P16,MMPP,0.179
M27,M17,MMMM,0.1277
M27,P17,MMPP,0.0958
M27,M18,MMMM,0.1619
M27,P18,MMPP,-0.0032
M27,M20,MMMM,0.2468
M27,P20,MMPP,0.1316
M27,M21,MMMM,0.2161
M27,P21,MMPP,0.1284
M27,M23,MMMM,0.2121
M27,P23,MMPP,0.1267
M27,M24,MMMM,0.1823
M27,P24,MMPP,0.1296
M27,M25,MMMM,0.3015
M27,P25,MMPP,0.1744
M27,M30,MMMM,0.0752
M27,P30,MMPP,0.1157
M27,M31,MMMM,0.105
M27,P31,MMPP,0.2069
M27,M33,MMMM,0.1625
M27,P33,MMPP,0.1132
M27,M35,MMMM,0.1622
M27,P35,MMPP,0.1348
P27,M28,PPMM,0.0805
P27,P28,PPPP,0.1532
P27,M29,PPMM,0.041
P27,P29,PPPP,0.386
P27,M37,PPMM,0.0785
P27,P37,PPPP,0.1108
P27,M40,PPMM,0.0037
P27,P40,PPPP,0.0469
P27,M41,PPMM,0.1133
P27,P41,PPPP,0.1223
P27,M43,PPMM,0.1052
P27,P43,PPPP,0.1119
P27,M44,PPMM,0.2351
P27,P44,PPPP,0.2302
P27,M45,PPMM,0.2284
P27,P45,PPPP,0.1565
P27,M46,PPMM,0.0051
P27,P46,PPPP,0.0763
P27,M47,PPMM,0.066
P27,P47,PPPP,0.1042
P27,M48,PPMM,0.1102
P27,P48,PPPP,0.0282
P27,M6,PPMM,0.0063
P27,P6,PPPP,-0.0311
P27,M7,PPMM,-0.0051
P27,P7,PPPP,0.0634
P27,M8,PPMM,0.1521
P27,P8,PPPP,0.1495
P27,M10,PPMM,0.1092
P27,P10,PPPP,-0.0233
P27,M11,PPMM,0.1362
P27,P11,PPPP,0.201
P27,M12,PPMM,0.2749
P27,P12,PPPP,0.1371
P27,M13,PPMM,0.244
P27,P13,PPPP,0.1975
P27,M14,PPMM,-0.0365
P27,P14,PPPP,0.0108
P27,M16,PPMM,0.1901
P27,P16,PPPP,0.1697
P27,M17,PPMM,-0.0628
P27,P17,PPPP,0.0503
P27,M18,PPMM,0.0864
P27,P18,PPPP,0.0571
P27,M20,PPMM,0.0507
P27,P20,PPPP,0.0121
P27,M21,PPMM,0.1387
P27,P21,PPPP,0.1089
P27,M23,PPMM,0.2108
P27,P23,PPPP,0.0412
P27,M24,PPMM,0.1146
P27,P24,PPPP,0.0906
P27,M25,PPMM,0.1933
P27,P25,PPPP,0.1754
P27,M30,PPMM,0.0089
P27,P30,PPPP,-0.1268
P27,M31,PPMM,0.1283
P27,P31,PPPP,0.1797
P27,M33,PPMM,0.1039
P27,P33,PPPP,0.1023
P27,M35,PPMM,0.007
P27,P35,PPPP,0.0681
M28,P28,MMPP,0.6365
M28,M29,MMMM,0.055
M28,P29,MMPP,0.039
M28,M37,MMMM,0.0155
M28,P37,MMPP,0.036
M28,M40,MMMM,0.0358
M28,P40,MMPP,0.1713
M28,M41,MMMM,0.0893
M28,P41,MMPP,0.0841
M28,M43,MMMM,0.1078
M28,P43,MMPP,0.2329
M28,M44,MMMM,0.1008
M28,P44,MMPP,0.0513
M28,M45,MMMM,0.049
M28,P45,MMPP,0.0307
M28,M46,MMMM,0.0919
M28,P46,MMPP,0.1822
M28,M47,MMMM,0.1578
M28,P47,MMPP,-0.0476
M28,M48,MMMM,0.1239
M28,P48,MMPP,0.2637
M28,M6,MMMM,0.0529
M28,P6,MMPP,0.1328
M28,M7,MMMM,0.1728
M28,P7,MMPP,0.0994
M28,M8,MMMM,0.1197
M28,P8,MMPP,0.11
M28,M10,MMMM,0.1469
M28,P10,MMPP,0.0874
M28,M11,MMMM,0.0137
M28,P11,MMPP,0.0913
M28,M12,MMMM,-0.0329
M28,P12,MMPP,0.0546
M28,M13,MMMM,0.1428
M28,P13,MMPP,0.0811
M28,M14,MMMM,0.0845
M28,P14,MMPP,0.1215
M28,M16,MMMM,0.1682
M28,P16,MMPP,0.1309
M28,M17,MMMM,0.151
M28,P17,MMPP,0.0575
M28,M18,MMMM,0.3337
M28,P18,MMPP,0.3165
M28,M20,MMMM,0.1377
M28,P20,MMPP,0.1967
M28,M21,MMMM,0.1635
M28,P21,MMPP,0.2923
M28,M23,MMMM,0.0784
M28,P23,MMPP,0.0489
M28,M24,MMMM,0.1006
M28,P24,MMPP,0.0904
M28,M25,MMMM,0.1428
M28,P25,MMPP,0.0871
M28,M30,MMMM,0.0712
M28,P30,MMPP,0.1667
M28,M31,MMMM,0.2578
M28,P31,MMPP,0.2026
M28,M33,MMMM,0.1605
M28,P33,MMPP,0.1664
M28,M35,MMMM,0.0875
M28,P35,MMPP,0.2177
P28,M29,PPMM,0.1496
P28,P29,PPPP,0.0914
P28,M37,PPMM,0.1203
P28,P37,PPPP,0.0272
P28,M40,PPMM,0.125
P28,P40,PPPP,0.119
P28,M41,PPMM,0.1962
P28,P41,PPPP,0.1727
P28,M43,PPMM,0.1526
P28,P43,PPPP,0.1462
P28,M44,PPMM,0.1627
P28,P44,PPPP,0.1571
P28,M45,PPMM,0.087
P28,P45,PPPP,0.1303
P28,M46,PPMM,0.0795
P28,P46,PPPP,0.1931
P28,M47,PPMM,0.0963
P28,P47,PPPP,0.096
P28,M48,PPMM,0.1411
P28,P48,PPPP,0.2042
P28,M6,PPMM,0.1355
P28,P6,PPPP,0.1319
P28,M7,PPMM,0.0226
P28,P7,PPPP,0.0497
P28,M8,PPMM,0.2287
P28,P8,PPPP,0.204
P28,M10,PPMM,0.1125
P28,P10,PPPP,0.0889
P28,M11,PPMM,0.1384
P28,P11,PPPP,0.0922
P28,M12,PPMM,0.0754
P28,P12,PPPP,0.0185
P28,M13,PPMM,0.158
P28,P13,PPPP,0.1714
P28,M14,PPMM,0.0011
P28,P14,PPPP,0.0184
P28,M16,PPMM,0.1612
P28,P16,PPPP,0.0868
P28,M17,PPMM,0.0711
P28,P17,PPPP,0.0159
P28,M18,PPMM,0.1655
P28,P18,PPPP,0.151
P28,M20,PPMM,0.1769
P28,P20,PPPP,0.257
P28,M21,PPMM,0.2073
P28,P21,PPPP,0.2557
P28,M23,PPMM,0.1227
P28,P23,PPPP,0.0252
P28,M24,PPMM,0.0687
P28,P24,PPPP,0.1621
P28,M25,PPMM,0.2466
P28,P25,PPPP,0.0956
P28,M30,PPMM,0.2064
P28,P30,PPPP,0.2626
P28,M31,PPMM,0.19
P28,P31,PPPP,0.1527
P28,M33,PPMM,0.1636
P28,P33,PPPP,0.2273
P28,M35,PPMM,0.1618
P28,P35,PPPP,0.1397
M29,P29,MMPP,0.5199
M29,M37,MMMM,0.0885
M29,P37,MMPP,0.0704
M29,M40,MMMM,0.1723
M29,P40,MMPP,0.1648
M29,M41,MMMM,0.073
M29,P41,MMPP,0.1502
M29,M43,MMMM,0.1571
M29,P43,MMPP,0.1391
M29,M44,MMMM,0.0528
M29,P44,MMPP,-0.0103
M29,M45,MMMM,0.0809
M29,P45,MMPP,0.1331
M29,M46,MMMM,0.1029
M29,P46,MMPP,0.1564
M29,M47,MMMM,0.1193
M29,P47,MMPP,0.0957
M29,M48,MMMM,0.0165
M29,P48,MMPP,0.0829
M29,M6,MMMM,0.2269
M29,P6,MMPP,0.1801
M29,M7,MMMM,0.171
M29,P7,MMPP,0.2941
M29,M8,MMMM,0.2513
M29,P8,MMPP,0.1871
M29,M10,MMMM,0.0892
M29,P10,MMPP,0.0573
M29,M11,MMMM,0.2095
M29,P11,MMPP,0.1748
M29,M12,MMMM,0.2535
M29,P12,MMPP,0.1666
M29,M13,MMMM,0.0385
M29,P13,MMPP,0.0508
M29,M14,MMMM,0.1393
M29,P14,MMPP,0.1158
M29,M16,MMMM,0.122
M29,P16,MMPP,0.1
M29,M17,MMMM,-0.0096
M29,P17,MMPP,-0.0669
M29,M18,MMMM,0.0213
M29,P18,MMPP,0.072
M29,M20,MMMM,0.1353
M29,P20,MMPP,0.1621
M29,M21,MMMM,0.0864
M29,P21,MMPP,0.1155
M29,M23,MMMM,-0.0318
M29,P23,MMPP,0.1534
M29,M24,MMMM,0.1067
M29,P24,MMPP,0.0849
M29,M25,MMMM,0.0597
M29,P25,MMPP,0.0607
M29,M30,MMMM,0.0752
M29,P30,MMPP,0.0586
M29,M31,MMMM,0.1148
M29,P31,MMPP,0.0762
M29,M33,MMMM,0.0983
M29,P33,MMPP,0.0474
M29,M35,MMMM,0.1237
M29,P35,MMPP,0.0704
P29,M37,PPMM,0.1464
P29,P37,PPPP,0.1059
P29,M40,PPMM,0.1319
P29,P40,PPPP,0.1778
P29,M41,PPMM,0.0872
P29,P41,PPPP,0.174
P29,M43,PPMM,0.0406
P29,P43,PPPP,0.0778
P29,M44,PPMM,0.0432
P29,P44,PPPP,0.0976
P29,M45,PPMM,0.2122
P29,P45,PPPP,0.0918
P29,M46,PPMM,0.0288
P29,P46,PPPP,0.0796
P29,M47,PPMM,0.2111
P29,P47,PPPP,0.2089
P29,M48,PPMM,0.1448
P29,P48,PPPP,0.1353
P29,M6,PPMM,0.1744
P29,P6,PPPP,0.0884
P29,M7,PPMM,0.1139
P29,P7,PPPP,0.1989
P29,M8,PPMM,0.1398
P29,P8,PPPP,0.1911
P29,M10,PPMM,0.0779
P29,P10,PPPP,0.0802
P29,M11,PPMM,0.1579
P29,P11,PPPP,0.1304
P29,M12,PPMM,0.254
P29,P12,PPPP,0.2317
P29,M13,PPMM,0.1252
P29,P13,PPPP,0.2056
P29,M14,PPMM,-0.0506
P29,P14,PPPP,0.0249
P29,M16,PPMM,0.101
P29,P16,PPPP,0.1145
P29,M17,PPMM,0.032
P29,P17,PPPP,0.0905
P29,M18,PPMM,0.1573
P29,P18,PPPP,0.127
P29,M20,PPMM,0.1134
P29,P20,PPPP,0.0472
P29,M21,PPMM,0.0322
P29,P21,PPPP,0.1391
P29,M23,PPMM,0.0785
P29,P23,PPPP,0.2198
P29,M24,PPMM,0.0487
P29,P24,PPPP,-0.0374
P29,M25,PPMM,0.2755
P29,P25,PPPP,0.1568
P29,M30,PPMM,0.0735
P29,P30,PPPP,0.0329
P29,M31,PPMM,0.182
P29,P31,PPPP,0.2027
P29,M33,PPMM,0.0783
P29,P33,PPPP,-0.0455
P29,M35,PPMM,0.0588
P29,P35,PPPP,0.098
M37,P37,MMPP,0.5103
M37,M40,MMMM,0.215
M37,P40,MMPP,0.1563
M37,M41,MMMM,0.1505
M37,P41,MMPP,0.0836
M37,M43,MMMM,0.0368
M37,P43,MMPP,0.1259
M37,M44,MMMM,0.0656
M37,P44,MMPP,0.2005
M37,M45,MMMM,0.1543
M37,P45,MMPP,0.227
M37,M46,MMMM,0.1707
M37,P46,MMPP,0.2976
M37,M47,MMMM,0.0684
M37,P47,MMPP,0.1071
M37,M48,MMMM,0.1281
M37,P48,MMPP,0.1398
M37,M6,MMMM,0.0713
M37,P6,MMPP,0.0631
M37,M7,MMMM,0.1562
M37,P7,MMPP,0.051
M37,M8,MMMM,0.2142
M37,P8,MMPP,0.1556
M37,M10,MMMM,0.2393
M37,P10,MMPP,0.1295
M37,M11,MMMM,0.0901
M37,P11,MMPP,0.2694
M37,M12,MMMM,0.0169
M37,P12,MMPP,0.1588
M37,M13,MMMM,0.0564
M37,P13,MMPP,0.0243
M37,M14,MMMM,-0.0572
M37,P14,MMPP,0.1397
M37,M16,MMMM,0.1612
M37,P16,MMPP,0.2787
M37,M17,MMMM,0.1919
M37,P17,MMPP,0.0092
M37,M18,MMMM,0.0377
M37,P18,MMPP,0.21
M37,M20,MMMM,0.1435
M37,P20,MMPP,0.0789
M37,M21,MMMM,0.0046
M37,P21,MMPP,0.102
M37,M23,MMMM,0.1924
M37,P23,MMPP,0.106
M37,M24,MMMM,-0.0153
M37,P24,MMPP,-0.1125
M37,M25,MMMM,0.1567
M37,P25,MMPP,0.2811
M37,M30,MMMM,0.029
M37,P30,MMPP,0.0792
M37,M31,MMMM,0.0931
M37,P31,MMPP,0.1443
M37,M33,MMMM,0.1319
M37,P33,MMPP,0.1766
M37,M35,MMMM,-0.0636
M37,P35,MMPP,-0.0592
P37,M40,PPMM,0.1513
P37,P40,PPPP,0.0639
P37,M41,PPMM,-0.0513
P37,P41,PPPP,-0.0085
P37,M43,PPMM,-0.0206
P37,P43,PPPP,0.0655
P37,M44,PPMM,0.0821
P37,P44,PPPP,0.2438
P37,M45,PPMM,0.0939
P37,P45,PPPP,0.1533
P37,M46,PPMM,0.2794
P37,P46,PPPP,0.2792
P37,M47,PPMM,0.155
P37,P47,PPPP,0.0267
P37,M48,PPMM,0.2484
P37,P48,PPPP,0.1947
P37,M6,PPMM,0.1022
P37,P6,PPPP,0.1282
P37,M7,PPMM,0.2784
P37,P7,PPPP,0.144
P37,M8,PPMM,0.1882
P37,P8,PPPP,0.2725
P37,M10,PPMM,0.3011
P37,P10,PPPP,0.2259
P37,M11,PPMM,0.2058
P37,P11,PPPP,0.1621
P37,M12,PPMM,-0.0129
P37,P12,PPPP,0.1646
P37,M13,PPMM,0.1172
P37,P13,PPPP,0.0687
P37,M14,PPMM,0.1063
P37,P14,PPPP,0.033
P37,M16,PPMM,0.2082
P37,P16,PPPP,0.3245
P37,M17,PPMM,0.0915
P37,P17,PPPP,0.0064
P37,M18,PPMM,0.0824
P37,P18,PPPP,0.1288
P37,M20,PPMM,0.1449
P37,P20,PPPP,0.0974
P37,M21,PPMM,0.2155
P37,P21,PPPP,0.1799
P37,M23,PPMM,0.0929
P37,P23,PPPP,0.2127
P37,M24,PPMM,0.0386
P37,P24,PPPP,0.0218
P37,M25,PPMM,0.198
P37,P25,PPPP,0.1877
P37,M30,PPMM,-0.0908
P37,P30,PPPP,0.0448
P37,M31,PPMM,0.1328
P37,P31,PPPP,0.1454
P37,M33,PPMM,0.1506
P37,P33,PPPP,0.2331
P37,M35,PPMM,0.0571
P37,P35,PPPP,0.1472
M40,P40,MMPP,0.5473
M40,M41,MMMM,0.1345
M40,P41,MMPP,0.0393
M40,M43,MMMM,0.2535
M40,P43,MMPP,0.0198
M40,M44,MMMM,0.0079
M40,P44,MMPP,0.017
M40,M45,MMMM,0.1599
M40,P45,MMPP,0.0932
M40,M46,MMMM,0.1329
M40,P46,MMPP,0.0832
M40,M47,MMMM,0.1718
M40,P47,MMPP,0.1133
M40,M48,MMMM,0.0331
M40,P48,MMPP,0.1116
M40,M6,MMMM,0.1196
M40,P6,MMPP,0.0931
M40,M7,MMMM,0.0734
M40,P7,MMPP,-0.0029
M40,M8,MMMM,0.1536
M40,P8,MMPP,-0.0411
M40,M10,MMMM,0.1252
M40,P10,MMPP,0.1317
M40,M11,MMMM,0.1619
M40,P11,MMPP,0.2051
M40,M12,MMMM,0.1992
M40,P12,MMPP,0.1123
M40,M13,MMMM,0.1436
M40,P13,MMPP,0.0862
M40,M14,MMMM,0.1793
M40,P14,MMPP,0.0963
M40,M16,MMMM,0.1425
M40,P16,MMPP,0.1185
M40,M17,MMMM,0.2184
M40,P17,MMPP,0.1151
M40,M18,MMMM,0.1639
M40,P18,MMPP,0.1091
M40,M20,MMMM,0.1897
M40,P20,MMPP,0.2229
M40,M21,MMMM,0.1394
M40,P21,MMPP,0.041
M40,M23,MMMM,-0.0128
M40,P23,MMPP,0.073
M40,M24,MMMM,0.0486
M40,P24,MMPP,-0.0047
M40,M25,MMMM,0.0898
M40,P25,MMPP,0.0858
M40,M30,MMMM,0.1642
M40,P30,MMPP,0.3013
M40,M31,MMMM,0.0224
M40,P31,MMPP,0.0292
M40,M33,MMMM,0.0063
M40,P33,MMPP,-0.0163
M40,M35,MMMM,0.0995
M40,P35,MMPP,-0.017
P40,M41,PPMM,0.1794
P40,P41,PPPP,0.0961
P40,M43,PPMM,0.1808
P40,P43,PPPP,0.1649
P40,M44,PPMM,0.051
P40,P44,PPPP,-0.1528
P40,M45,PPMM,0.073
P40,P45,PPPP,0.218
P40,M46,PPMM,0.1003
P40,P46,PPPP,0.1546
P40,M47,PPMM,0.1573
P40,P47,PPPP,0.1824
P40,M48,PPMM,0.0955
P40,P48,PPPP,-0.0162
P40,M6,PPMM,0.1545
P40,P6,PPPP,0.1535
P40,M7,PPMM,0.1968
P40,P7,PPPP,0.0816
P40,M8,PPMM,0.1852
P40,P8,PPPP,0.0368
P40,M10,PPMM,0.1001
P40,P10,PPPP,0.1471
P40,M11,PPMM,0.0013
P40,P11,PPPP,0.148
P40,M12,PPMM,0.216
P40,P12,PPPP,0.1219
P40,M13,PPMM,0.2342
P40,P13,PPPP,0.1293
P40,M14,PPMM,0.2073
P40,P14,PPPP,0.1584
P40,M16,PPMM,0.2276
P40,P16,PPPP,0.1626
P40,M17,PPMM,0.132
P40,P17,PPPP,0.1134
P40,M18,PPMM,0.0867
P40,P18,PPPP,0.1841
P40,M20,PPMM,0.1842
P40,P20,PPPP,0.0971
P40,M21,PPMM,0.2574
P40,P21,PPPP,0.1938
P40,M23,PPMM,0.0886
P40,P23,PPPP,0.0515
P40,M24,PPMM,0.1597
P40,P24,PPPP,0.1288
P40,M25,PPMM,0.1757
P40,P25,PPPP,0.2762
P40,M30,PPMM,0.1881
P40,P30,PPPP,0.352
P40,M31,PPMM,0.1176
P40,P31,PPPP,0.1231
P40,M33,PPMM,0.1295
P40,P33,PPPP,0.0831
P40,M35,PPMM,0.1247
P40,P35,PPPP,0.0565
M41,P41,MMPP,0.6521
M41,M43,MMMM,0.244
M41,P43,MMPP,0.1979
M41,M44,MMMM,0.004
M41,P44,MMPP,-0.0229
M41,M45,MMMM,0.3015
M41,P45,MMPP,0.3159
M41,M46,MMMM,0.1451
M41,P46,MMPP,0.0313
M41,M47,MMMM,0.081
M41,P47,MMPP,0.2143
M41,M48,MMMM,0.1035
M41,P48,MMPP,0.0345
M41,M6,MMMM,0.1073
M41,P6,MMPP,-0.0407
M41,M7,MMMM,0.1843
M41,P7,MMPP,0.0849
M41,M8,MMMM,0.2616
M41,P8,MMPP,-0.0203
M41,M10,MMMM,0.0647
M41,P10,MMPP,0.1177
M41,M11,MMMM,0.0115
M41,P11,MMPP,0.2519
M41,M12,MMMM,0.1738
M41,P12,MMPP,0.2054
M41,M13,MMMM,0.204
M41,P13,MMPP,0.1835
M41,M14,MMMM,0.1076
M41,P14,MMPP,0.0943
M41,M16,MMMM,0.2752
M41,P16,MMPP,0.2865
M41,M17,MMMM,0.0517
M41,P17,MMPP,0.1479
M41,M18,MMMM,0.3085
M41,P18,MMPP,0.3791
M41,M20,MMMM,-0.0294
M41,P20,MMPP,0.0362
M41,M21,MMMM,0.1407
M41,P21,MMPP,0.2216
M41,M23,MMMM,0.1444
M41,P23,MMPP,0.0364
M41,M24,MMMM,0.1249
M41,P24,MMPP,0.1974
M41,M25,MMMM,0.208
M41,P25,MMPP,0.3174
M41,M30,MMMM,0.2814
M41,P30,MMPP,0.2735
M41,M31,MMMM,0.1028
M41,P31,MMPP,0.1806
M41,M33,MMMM,0.0507
M41,P33,MMPP,0.1236
M41,M35,MMMM,0.1296
M41,P35,MMPP,0.1114
P41,M43,PPMM,0.1428
P41,P43,PPPP,0.2329
P41,M44,PPMM,0.1267
P41,P44,PPPP,0.0745
P41,M45,PPMM,0.3619
P41,P45,PPPP,0.2097
P41,M46,PPMM,0.0637
P41,P46,PPPP,0.0049
P41,M47,PPMM,0.1586
P41,P47,PPPP,0.04
P41,M48,PPMM,0.0074
P41,P48,PPPP,0.0538
P41,M6,PPMM,-0.0378
P41,P6,PPPP,0.0495
P41,M7,PPMM,0.154
P41,P7,PPPP,0.1768
P41,M8,PPMM,0.1829
P41,P8,PPPP,0.02
P41,M10,PPMM,0.113
P41,P10,PPPP,0.0914
P41,M11,PPMM,0.0831
P41,P11,PPPP,0.0968
P41,M12,PPMM,0.3158
P41,P12,PPPP,0.1951
P41,M13,PPMM,0.1756
P41,P13,PPPP,0.1473
P41,M14,PPMM,0.0533
P41,P14,PPPP,0.0838
P41,M16,PPMM,0.3064
P41,P16,PPPP,0.2653
P41,M17,PPMM,0.0127
P41,P17,PPPP,0.0749
P41,M18,PPMM,0.3304
P41,P18,PPPP,0.2246
P41,M20,PPMM,0.0321
P41,P20,PPPP,0.0722
P41,M21,PPMM,0.0374
P41,P21,PPPP,0.1429
P41,M23,PPMM,0.0688
P41,P23,PPPP,-0.0471
P41,M24,PPMM,0.1048
P41,P24,PPPP,0.172
P41,M25,PPMM,0.1849
P41,P25,PPPP,0.2899
P41,M30,PPMM,0.1734
P41,P30,PPPP,0.0989
P41,M31,PPMM,0.1632
P41,P31,PPPP,0.1605
P41,M33,PPMM,0.1118
P41,P33,PPPP,0.0313
P41,M35,PPMM,0.1689
P41,P35,PPPP,0.1565
M43,P43,MMPP,0.2983
M43,M44,MMMM,0.3095
M43,P44,MMPP,0.1124
M43,M45,MMMM,0.066
M43,P45,MMPP,0.1035
M43,M46,MMMM,0.071
M43,P46,MMPP,0.0748
M43,M47,MMMM,0.2481
M43,P47,MMPP,0.2546
M43,M48,MMMM,-0.0017
M43,P48,MMPP,-0.0239
M43,M6,MMMM,0.2354
M43,P6,MMPP,0.0118
M43,M7,MMMM,0.1119
M43,P7,MMPP,0.0972
M43,M8,MMMM,0.0823
M43,P8,MMPP,0.05
M43,M10,MMMM,0.1781
M43,P10,MMPP,0.2056
M43,M11,MMMM,0.1814
M43,P11,MMPP,0.3116
M43,M12,MMMM,0.0001
M43,P12,MMPP,0.0511
M43,M13,MMMM,0.1992
M43,P13,MMPP,0.2175
M43,M14,MMMM,0.2855
M43,P14,MMPP,0.1867
M43,M16,MMMM,0.174
M43,P16,MMPP,0.1868
M43,M17,MMMM,0.1521
M43,P17,MMPP,0.0759
M43,M18,MMMM,0.2857
M43,P18,MMPP,0.1189
M43,M20,MMMM,0.0352
M43,P20,MMPP,0.2034
M43,M21,MMMM,0.2744
M43,P21,MMPP,0.1389
M43,M23,MMMM,0.061
M43,P23,MMPP,0.1452
M43,M24,MMMM,0.0621
M43,P24,MMPP,0.1979
M43,M25,MMMM,0.1989
M43,P25,MMPP,0.1354
M43,M30,MMMM,0.0619
M43,P30,MMPP,0.2389
M43,M31,MMMM,0.2389
M43,P31,MMPP,0.1735
M43,M33,MMMM,0.2795
M43,P33,MMPP,0.3473
M43,M35,MMMM,0.331
M43,P35,MMPP,0.2632
P43,M44,PPMM,0.0941
P43,P44,PPPP,-0.0334
P43,M45,PPMM,0.2236
P43,P45,PPPP,0.2199
P43,M46,PPMM,0.0826
P43,P46,PPPP,0.1501
P43,M47,PPMM,0.0858
P43,P47,PPPP,0.0598
P43,M48,PPMM,0.019
P43,P48,PPPP,-0.0253
P43,M6,PPMM,0.0522
P43,P6,PPPP,0.2266
P43,M7,PPMM,0.0915
P43,P7,PPPP,0.0622
P43,M8,PPMM,0.3029
P43,P8,PPPP,0.2063
P43,M10,PPMM,0.0615
P43,P10,PPPP,0.0618
P43,M11,PPMM,0.0897
P43,P11,PPPP,0.1752
P43,M12,PPMM,0.2339
P43,P12,PPPP,0.1438
P43,M13,PPMM,0.2589
P43,P13,PPPP,0.2176
P43,M14,PPMM,0.05
P43,P14,PPPP,0.1456
P43,M16,PPMM,0.2179
P43,P16,PPPP,0.1587
P43,M17,PPMM,0.2045
P43,P17,PPPP,0.0373
P43,M18,PPMM,-0.0004
P43,P18,PPPP,0.048
P43,M20,PPMM,-0.0042
P43,P20,PPPP,-0.0444
P43,M21,PPMM,0.1923
P43,P21,PPPP,0.0672
P43,M23,PPMM,0.0265
P43,P23,PPPP,0.0889
P43,M24,PPMM,0.1382
P43,P24,PPPP,0.0141
P43,M25,PPMM,0.2113
P43,P25,PPPP,0.3235
P43,M30,PPMM,0.0839
P43,P30,PPPP,0.3321
P43,M31,PPMM,0.1214
P43,P31,PPPP,0.1374
P43,M33,PPMM,0.2875
P43,P33,PPPP,0.192
P43,M35,PPMM,0.1484
P43,P35,PPPP,0.0634
M44,P44,MMPP,0.5394
M44,M45,MMMM,0.0601
M44,P45,MMPP,0.1089
M44,M46,MMMM,0.019
M44,P46,MMPP,0.1335
M44,M47,MMMM,0.1557
M44,P47,MMPP,0.0843
M44,M48,MMMM,0.1248
M44,P48,MMPP,0.1954
M44,M6,MMMM,0.1697
M44,P6,MMPP,0.2481
M44,M7,MMMM,-0.0058
M44,P7,MMPP,-0.0521
M44,M8,MMMM,-0.0538
M44,P8,MMPP,-0.0834
M44,M10,MMMM,0.2277
M44,P10,MMPP,0.1009
M44,M11,MMMM,0.1473
M44,P11,MMPP,0.1999
M44,M12,MMMM,-0.0155
M44,P12,MMPP,0.1402
M44,M13,MMMM,0.254
M44,P13,MMPP,0.1498
M44,M14,MMMM,0.1286
M44,P14,MMPP,0.1535
M44,M16,MMMM,0.0579
M44,P16,MMPP,0.2155
M44,M17,MMMM,0.1656
M44,P17,MMPP,0.2091
M44,M18,MMMM,0.1612
M44,P18,MMPP,0.151
M44,M20,MMMM,0.0503
M44,P20,MMPP,0.1768
M44,M21,MMMM,0.2725
M44,P21,MMPP,0.2909
M44,M23,MMMM,0.0572
M44,P23,MMPP,0.0686
M44,M24,MMMM,0.1177
M44,P24,MMPP,0.2023
M44,M25,MMMM,-0.0503
M44,P25,MMPP,0.1679
M44,M30,MMMM,0.0511
M44,P30,MMPP,0.1148
M44,M31,MMMM,0.0646
M44,P31,MMPP,-0.0013
M44,M33,MMMM,0.1769
M44,P33,MMPP,0.2399
M44,M35,MMMM,0.2205
M44,P35,MMPP,0.3202
P44,M45,PPMM,0.068
P44,P45,PPPP,0.0431
P44,M46,PPMM,-0.0036
P44,P46,PPPP,0.0324
P44,M47,PPMM,0.0411
P44,P47,PPPP,0.0326
P44,M48,PPMM,0.1523
P44,P48,PPPP,0.2444
P44,M6,PPMM,0.0908
P44,P6,PPPP,0.0997
P44,M7,PPMM,0.0679
P44,P7,PPPP,0.038
P44,M8,PPMM,0.0004
P44,P8,PPPP,0.0285
P44,M10,PPMM,0.1682
P44,P10,PPPP,0.191
P44,M11,PPMM,0.1276
P44,P11,PPPP,0.2232
P44,M12,PPMM,0.0904
P44,P12,PPPP,0.166
P44,M13,PPMM,0.2039
P44,P13,PPPP,0.2107
P44,M14,PPMM,0.0188
P44,P14,PPPP,0.0534
P44,M16,PPMM,0.1405
P44,P16,PPPP,0.272
P44,M17,PPMM,0.1329
P44,P17,PPPP,0.1489
P44,M18,PPMM,0.1796
P44,P18,PPPP,0.1008
P44,M20,PPMM,0.0839
P44,P20,PPPP,0.16
P44,M21,PPMM,0.112
P44,P21,PPPP,0.2347
P44,M23,PPMM,0.0638
P44,P23,PPPP,0.118
P44,M24,PPMM,0.0984
P44,P24,PPPP,0.1641
P44,M25,PPMM,0.1165
P44,P25,PPPP,0.2131
P44,M30,PPMM,0.0486
P44,P30,PPPP,0.186
P44,M31,PPMM,0.0563
P44,P31,PPPP,0.1138
P44,M33,PPMM,0.0667
P44,P33,PPPP,0.2649
P44,M35,PPMM,0.1962
P44,P35,PPPP,0.2639
M45,P45,MMPP,0.6647
M45,M46,MMMM,0.0742
M45,P46,MMPP,0.1738
M45,M47,MMMM,-0.0142
M45,P47,MMPP,-0.0196
M45,M48,MMMM,0.124
M45,P48,MMPP,0.0864
M45,M6,MMMM,0.1683
M45,P6,MMPP,0.0828
M45,M7,MMMM,0.0817
M45,P7,MMPP,0.1791
M45,M8,MMMM,0.2328
M45,P8,MMPP,0.0083
M45,M10,MMMM,0.1803
M45,P10,MMPP,0.0774
M45,M11,MMMM,0.0638
M45,P11,MMPP,0.1028
M45,M12,MMMM,0.3231
M45,P12,MMPP,0.118
M45,M13,MMMM,0.0835
M45,P13,MMPP,0.1574
M45,M14,MMMM,0.1556
M45,P14,MMPP,0.1489
M45,M16,MMMM,0.2122
M45,P16,MMPP,0.2084
M45,M17,MMMM,0.1877
M45,P17,MMPP,0.2223
M45,M18,MMMM,0.1085
M45,P18,MMPP,0.159
M45,M20,MMMM,0.0693
M45,P20,MMPP,0.1743
M45,M21,MMMM,0.1564
M45,P21,MMPP,0.2491
M45,M23,MMMM,0.1976
M45,P23,MMPP,0.1791
M45,M24,MMMM,0.1508
M45,P24,MMPP,0.1392
M45,M25,MMMM,0.2632
M45,P25,MMPP,0.2489
M45,M30,MMMM,0.2591
M45,P30,MMPP,0.18
M45,M31,MMMM,0.1131
M45,P31,MMPP,0.2649
M45,M33,MMMM,0.0838
M45,P33,MMPP,0.1773
M45,M35,MMMM,0.2155
M45,P35,MMPP,0.2857
P45,M46,PPMM,0.1281
P45,P46,PPPP,0.1871
P45,M47,PPMM,0.0379
P45,P47,PPPP,0.052
P45,M48,PPMM,0.1437
P45,P48,PPPP,0.0318
P45,M6,PPMM,0.0822
P45,P6,PPPP,0.0688
P45,M7,PPMM,0.0012
P45,P7,PPPP,-0.0247
P45,M8,PPMM,0.342
P45,P8,PPPP,0.1308
P45,M10,PPMM,0.2085
P45,P10,PPPP,0.1983
P45,M11,PPMM,0.0736
P45,P11,PPPP,0.2239
P45,M12,PPMM,0.1926
P45,P12,PPPP,0.2194
P45,M13,PPMM,0.2411
P45,P13,PPPP,0.2649
P45,M14,PPMM,0.201
P45,P14,PPPP,0.2337
P45,M16,PPMM,0.2507
P45,P16,PPPP,0.3125
P45,M17,PPMM,0.159
P45,P17,PPPP,0.1125
P45,M18,PPMM,0.1741
P45,P18,PPPP,0.3764
P45,M20,PPMM,0.0094
P45,P20,PPPP,0.162
P45,M21,PPMM,0.1802
P45,P21,PPPP,0.3228
P45,M23,PPMM,0.1184
P45,P23,PPPP,0.0852
P45,M24,PPMM,0.2149
P45,P24,PPPP,0.212
P45,M25,PPMM,0.2291
P45,P25,PPPP,0.171
P45,M30,PPMM,0.2912
P45,P30,PPPP,0.2221
P45,M31,PPMM,0.1105
P45,P31,PPPP,0.159
P45,M33,PPMM,0.0345
P45,P33,PPPP,0.1476
P45,M35,PPMM,0.14
P45,P35,PPPP,0.137
M46,P46,MMPP,0.4643
M46,M47,MMMM,0.078
M46,P47,MMPP,0.0652
M46,M48,MMMM,0.1909
M46,P48,MMPP,0.1818
M46,M6,MMMM,0.0633
M46,P6,MMPP,0.1656
M46,M7,MMMM,0.1243
M46,P7,MMPP,0.1416
M46,M8,MMMM,0.1353
M46,P8,MMPP,0.0096
M46,M10,MMMM,-0.0242
M46,P10,MMPP,0.0813
M46,M11,MMMM,-0.0048
M46,P11,MMPP,-0.0161
M46,M12,MMMM,0.052
M46,P12,MMPP,0.1988
M46,M13,MMMM,0.088
M46,P13,MMPP,-0.0921
M46,M14,MMMM,0.0228
M46,P14,MMPP,0.0951
M46,M16,MMMM,0.1576
M46,P16,MMPP,0.0492
M46,M17,MMMM,-0.0542
M46,P17,MMPP,0.0521
M46,M18,MMMM,0.1059
M46,P18,MMPP,0.2091
M46,M20,MMMM,-0.0053
M46,P20,MMPP,0.0467
M46,M21,MMMM,0.0852
M46,P21,MMPP,0.0988
M46,M23,MMMM,0.1965
M46,P23,MMPP,0.184
M46,M24,MMMM,0.2133
M46,P24,MMPP,0.1505
M46,M25,MMMM,0.1252
M46,P25,MMPP,0.2548
M46,M30,MMMM,0.1125
M46,P30,MMPP,0.0929
M46,M31,MMMM,0.2087
M46,P31,MMPP,0.1559
M46,M33,MMMM,0.1854
M46,P33,MMPP,0.1652
M46,M35,MMMM,0.062
M46,P35,MMPP,0.088
P46,M47,PPMM,0.1401
P46,P47,PPPP,0.1668
P46,M48,PPMM,0.1062
P46,P48,PPPP,0.1798
P46,M6,PPMM,0.0647
P46,P6,PPPP,0.2081
P46,M7,PPMM,0.1086
P46,P7,PPPP,0.0441
P46,M8,PPMM,0.2594
P46,P8,PPPP,0.2561
P46,M10,PPMM,0.1785
P46,P10,PPPP,0.194
P46,M11,PPMM,-0.1042
P46,P11,PPPP,0.0453
P46,M12,PPMM,0.1505
P46,P12,PPPP,0.2226
P46,M13,PPMM,0.1582
P46,P13,PPPP,0.0646
P46,M14,PPMM,0.0535
P46,P14,PPPP,0.0524
P46,M16,PPMM,0.2394
P46,P16,PPPP,0.1122
P46,M17,PPMM,0.0745
P46,P17,PPPP,-0.0047
P46,M18,PPMM,0.0521
P46,P18,PPPP,0.1247
P46,M20,PPMM,-0.013
P46,P20,PPPP,0.1353
P46,M21,PPMM,0.2242
P46,P21,PPPP,0.161
P46,M23,PPMM,0.2137
P46,P23,PPPP,0.1192
P46,M24,PPMM,0.1225
P46,P24,PPPP,0.1731
P46,M25,PPMM,0.1249
P46,P25,PPPP,0.4469
P46,M30,PPMM,0.0633
P46,P30,PPPP,0.0798
P46,M31,PPMM,0.353
P46,P31,PPPP,0.2428
P46,M33,PPMM,0.0625
P46,P33,PPPP,0.0791
P46,M35,PPMM,0.1078
P46,P35,PPPP,0.0424
M47,P47,MMPP,0.567
M47,M48,MMMM,0.1157
M47,P48,MMPP,0.1317
M47,M6,MMMM,0.1004
M47,P6,MMPP,0.1328
M47,M7,MMMM,0.0238
M47,P7,MMPP,0.1933
M47,M8,MMMM,0.0434
M47,P8,MMPP,0.059
M47,M10,MMMM,0.1298
M47,P10,MMPP,0.0978
M47,M11,MMMM,0.1271
M47,P11,MMPP,0.1244
M47,M12,MMMM,-0.0274
M47,P12,MMPP,0.1736
M47,M13,MMMM,0.0314
M47,P13,MMPP,0.09
M47,M14,MMMM,0.0854
M47,P14,MMPP,-0.0528
M47,M16,MMMM,-0.0222
M47,P16,MMPP,0.0689
M47,M17,MMMM,0.0991
M47,P17,MMPP,-0.0406
M47,M18,MMMM,0.2664
M47,P18,MMPP,0.2221
M47,M20,MMMM,-0.0241
M47,P20,MMPP,0.1031
M47,M21,MMMM,0.1277
M47,P21,MMPP,0.166
M47,M23,MMMM,0.1051
M47,P23,MMPP,0.0195
M47,M24,MMMM,0.0464
M47,P24,MMPP,0.1195
M47,M25,MMMM,0.0619
M47,P25,MMPP,0.4142
M47,M30,MMMM,-0.0029
M47,P30,MMPP,-0.0552
M47,M31,MMMM,0.1209
M47,P31,MMPP,0.1834
M47,M33,MMMM,0.0736
M47,P33,MMPP,0.0261
M47,M35,MMMM,0.0899
M47,P35,MMPP,0.1644
P47,M48,PPMM,0.1309
P47,P48,PPPP,-0.0042
P47,M6,PPMM,0.0105
P47,P6,PPPP,0.0938
P47,M7,PPMM,0.0264
P47,P7,PPPP,0.0772
P47,M8,PPMM,0.1179
P47,P8,PPPP,-0.0135
P47,M10,PPMM,0.006
P47,P10,PPPP,0.1775
P47,M11,PPMM,0.0105
P47,P11,PPPP,0.165
P47,M12,PPMM,0.0008
P47,P12,PPPP,0.1831
P47,M13,PPMM,0.0825
P47,P13,PPPP,0.1056
P47,M14,PPMM,0.1057
P47,P14,PPPP,-0.0246
P47,M16,PPMM,0.0593
P47,P16,PPPP,0.0493
P47,M17,PPMM,0.0909
P47,P17,PPPP,-0.0315
P47,M18,PPMM,0.1569
P47,P18,PPPP,0.0688
P47,M20,PPMM,-0.1332
P47,P20,PPPP,0.0764
P47,M21,PPMM,0.191
P47,P21,PPPP,0.1147
P47,M23,PPMM,0.1955
P47,P23,PPPP,0.1068
P47,M24,PPMM,0.0542
P47,P24,PPPP,0.0306
P47,M25,PPMM,0.1261
P47,P25,PPPP,0.1731
P47,M30,PPMM,0.001
P47,P30,PPPP,-0.0306
P47,M31,PPMM,0.1836
P47,P31,PPPP,0.1322
P47,M33,PPMM,0.0967
P47,P33,PPPP,0.0886
P47,M35,PPMM,0.1602
P47,P35,PPPP,0.1342
M48,P48,MMPP,0.5683
M48,M6,MMMM,0.2404
M48,P6,MMPP,0.1498
M48,M7,MMMM,0.184
M48,P7,MMPP,0.0757
M48,M8,MMMM,0.0091
M48,P8,MMPP,0.1081
M48,M10,MMMM,0.0987
M48,P10,MMPP,0.1185
M48,M11,MMMM,0.0765
M48,P11,MMPP,0.074
M48,M12,MMMM,0.0922
M48,P12,MMPP,0.2091
M48,M13,MMMM,0.0581
M48,P13,MMPP,0.0507
M48,M14,MMMM,0.0495
M48,P14,MMPP,0.0568
M48,M16,MMMM,0.1655
M48,P16,MMPP,0.2204
M48,M17,MMMM,0.152
M48,P17,MMPP,0.1398
M48,M18,MMMM,0.1677
M48,P18,MMPP,0.1283
M48,M20,MMMM,0.0195
M48,P20,MMPP,-0.0533
M48,M21,MMMM,0.0516
M48,P21,MMPP,0.1156
M48,M23,MMMM,0.1972
M48,P23,MMPP,0.1716
M48,M24,MMMM,0.1081
M48,P24,MMPP,0.1483
M48,M25,MMMM,0.0137
M48,P25,MMPP,0.0216
M48,M30,MMMM,0.2907
M48,P30,MMPP,0.248
M48,M31,MMMM,0.0516
M48,P31,MMPP,0.0415
M48,M33,MMMM,0.2074
M48,P33,MMPP,0.234
M48,M35,MMMM,0.0064
M48,P35,MMPP,-0.0115
P48,M6,PPMM,0.2116
P48,P6,PPPP,0.0845
P48,M7,PPMM,0.1516
P48,P7,PPPP,0.0704
P48,M8,PPMM,0.0786
P48,P8,PPPP,0.2478
P48,M10,PPMM,0.1068
P48,P10,PPPP,0.1579
P48,M11,PPMM,0.1505
P48,P11,PPPP,0.1147
P48,M12,PPMM,0.1808
P48,P12,PPPP,0.1294
P48,M13,PPMM,0.1292
P48,P13,PPPP,-0.0058
P48,M14,PPMM,0.0125
P48,P14,PPPP,0.0237
P48,M16,PPMM,0.2125
P48,P16,PPPP,0.2123
P48,M17,PPMM,0.1359
P48,P17,PPPP,0.2025
P48,M18,PPMM,0.3096
P48,P18,PPPP,0.1745
P48,M20,PPMM,0.2204
P48,P20,PPPP,0.1318
P48,M21,PPMM,0.0597
P48,P21,PPPP,0.1472
P48,M23,PPMM,0.1452
P48,P23,PPPP,0.2054
P48,M24,PPMM,0.0758
P48,P24,PPPP,0.067
P48,M25,PPMM,-0.0306
P48,P25,PPPP,0.1976
P48,M30,PPMM,0.2269
P48,P30,PPPP,0.1762
P48,M31,PPMM,0.1382
P48,P31,PPPP,0.04
P48,M33,PPMM,0.174
P48,P33,PPPP,0.0759
P48,M35,PPMM,0.1304
P48,P35,PPPP,0.1359
M6,P6,MMPP,0.5537
M6,M7,MMMM,0.0298
M6,P7,MMPP,0.1253
M6,M8,MMMM,0.0957
M6,P8,MMPP,0.0977
M6,M10,MMMM,0.1256
M6,P10,MMPP,0.1123
M6,M11,MMMM,0.1317
M6,P11,MMPP,0.2834
M6,M12,MMMM,0.0042
M6,P12,MMPP,-0.1522
M6,M13,MMMM,-0.0377
M6,P13,MMPP,-0.0392
M6,M14,MMMM,-0.0038
M6,P14,MMPP,0.1862
M6,M16,MMMM,0.1035
M6,P16,MMPP,0.1251
M6,M17,MMMM,0.1228
M6,P17,MMPP,0.0352
M6,M18,MMMM,0.0772
M6,P18,MMPP,0.1617
M6,M20,MMMM,0.1078
M6,P20,MMPP,0.1965
M6,M21,MMMM,0.0099
M6,P21,MMPP,0.091
M6,M23,MMMM,0.1544
M6,P23,MMPP,0.1718
M6,M24,MMMM,0.0135
M6,P24,MMPP,0.0667
M6,M25,MMMM,0.0926
M6,P25,MMPP,0.0985
M6,M30,MMMM,0.1201
M6,P30,MMPP,0.2719
M6,M31,MMMM,0.1596
M6,P31,MMPP,0.1364
M6,M33,MMMM,0.0663
M6,P33,MMPP,0.1009
M6,M35,MMMM,0.028
M6,P35,MMPP,0.155
P6,M7,PPMM,0.04
P6,P7,PPPP,0.0859
P6,M8,PPMM,0.3081
P6,P8,PPPP,0.1322
P6,M10,PPMM,0.2129
P6,P10,PPPP,0.2069
P6,M11,PPMM,0.0082
P6,P11,PPPP,0.0414
P6,M12,PPMM,0.0784
P6,P12,PPPP,0.0226
P6,M13,PPMM,0.1564
P6,P13,PPPP,0.1912
P6,M14,PPMM,0.0015
P6,P14,PPPP,0.1595
P6,M16,PPMM,-0.0071
P6,P16,PPPP,0.0366
P6,M17,PPMM,0.1488
P6,P17,PPPP,0.1163
P6,M18,PPMM,0.0601
P6,P18,PPPP,0.0271
P6,M20,PPMM,0.0999
P6,P20,PPPP,0.1361
P6,M21,PPMM,0.184
P6,P21,PPPP,0.0492
P6,M23,PPMM,0.1005
P6,P23,PPPP,0.0919
P6,M24,PPMM,0.0796
P6,P24,PPPP,0.113
P6,M25,PPMM,0.0555
P6,P25,PPPP,0.176
P6,M30,PPMM,0.1198
P6,P30,PPPP,0.241
P6,M31,PPMM,0.0467
P6,P31,PPPP,0.0138
P6,M33,PPMM,0.1696
P6,P33,PPPP,0.0728
P6,M35,PPMM,0.0735
P6,P35,PPPP,0.0124
M7,P7,MMPP,0.6359
M7,M8,MMMM,0.1677
M7,P8,MMPP,0.1958
M7,M10,MMMM,0.1877
M7,P10,MMPP,0.2305
M7,M11,MMMM,0.021
M7,P11,MMPP,-0.0487
M7,M12,MMMM,0.0332
M7,P12,MMPP,0.1947
M7,M13,MMMM,0.0718
M7,P13,MMPP,-0.0134
M7,M14,MMMM,0.2126
M7,P14,MMPP,0.0317
M7,M16,MMMM,0.0256
M7,P16,MMPP,0.0819
M7,M17,MMMM,0.1568
M7,P17,MMPP,0.1081
M7,M18,MMMM,-0.0029
M7,P18,MMPP,0.0343
M7,M20,MMMM,0.1616
M7,P20,MMPP,0.0699
M7,M21,MMMM,0.0948
M7,P21,MMPP,0.1287
M7,M23,MMMM,0.2199
M7,P23,MMPP,0.0888
M7,M24,MMMM,0.2955
M7,P24,MMPP,0.2391
M7,M25,MMMM,0.072
M7,P25,MMPP,0.0944
M7,M30,MMMM,0.097
M7,P30,MMPP,0.0548
M7,M31,MMMM,0.0366
M7,P31,MMPP,0.0645
M7,M33,MMMM,0.0931
M7,P33,MMPP,0.0971
M7,M35,MMMM,0.2377
M7,P35,MMPP,0.2545
P7,M8,PPMM,0.1683
P7,P8,PPPP,0.1988
P7,M10,PPMM,0.1715
P7,P10,PPPP,0.2005
P7,M11,PPMM,0.1608
P7,P11,PPPP,0.0822
P7,M12,PPMM,0.0014
P7,P12,PPPP,0.1068
P7,M13,PPMM,-0.0657
P7,P13,PPPP,-0.0111
P7,M14,PPMM,0.0632
P7,P14,PPPP,-0.0542
P7,M16,PPMM,0.027
P7,P16,PPPP,0.0425
P7,M17,PPMM,0.0649
P7,P17,PPPP,0.0975
P7,M18,PPMM,-0.0231
P7,P18,PPPP,0.1064
P7,M20,PPMM,0.0849
P7,P20,PPPP,0.1178
P7,M21,PPMM,0.0466
P7,P21,PPPP,0.1635
P7,M23,PPMM,0.0662
P7,P23,PPPP,0.0991
P7,M24,PPMM,0.2203
P7,P24,PPPP,0.1441
P7,M25,PPMM,0.0826
P7,P25,PPPP,0.2076
P7,M30,PPMM,0.1178
P7,P30,PPPP,-0.0107
P7,M31,PPMM,0.1597
P7,P31,PPPP,-0.0403
P7,M33,PPMM,0.0393
P7,P33,PPPP,0.1808
P7,M35,PPMM,0.2458
P7,P35,PPPP,0.281
M8,P8,MMPP,0.5495
M8,M10,MMMM,0.0833
M8,P10,MMPP,0.1568
M8,M11,MMMM,0.1278
M8,P11,MMPP,0.2723
M8,M12,MMMM,0.2331
M8,P12,MMPP,0.1588
M8,M13,MMMM,0.2887
M8,P13,MMPP,0.3064
M8,M14,MMMM,0.0228
M8,P14,MMPP,0.0789
M8,M16,MMMM,0.202
M8,P16,MMPP,0.1509
M8,M17,MMMM,0.1075
M8,P17,MMPP,0.1308
M8,M18,MMMM,0.0066
M8,P18,MMPP,0.2
M8,M20,MMMM,0.2097
M8,P20,MMPP,0.1116
M8,M21,MMMM,0.2415
M8,P21,MMPP,0.1486
M8,M23,MMMM,0.224
M8,P23,MMPP,0.0701
M8,M24,MMMM,0.1784
M8,P24,MMPP,0.0441
M8,M25,MMMM,0.284
M8,P25,MMPP,0.3563
M8,M30,MMMM,0.2588
M8,P30,MMPP,0.2763
M8,M31,MMMM,0.1464
M8,P31,MMPP,0.23
M8,M33,MMMM,0.0812
M8,P33,MMPP,0.1442
M8,M35,MMMM,0.2946
M8,P35,MMPP,0.1162
P8,M10,PPMM,0.1199
P8,P10,PPPP,0.2986
P8,M11,PPMM,0.1049
P8,P11,PPPP,0.1515
P8,M12,PPMM,0.1804
P8,P12,PPPP,0.1212
P8,M13,PPMM,0.2965
P8,P13,PPPP,0.1655
P8,M14,PPMM,-0.0972
P8,P14,PPPP,0.003
P8,M16,PPMM,0.1161
P8,P16,PPPP,0.1632
P8,M17,PPMM,0.144
P8,P17,PPPP,0.134
P8,M18,PPMM,0.0586
P8,P18,PPPP,0.1489
P8,M20,PPMM,0.3571
P8,P20,PPPP,0.1332
P8,M21,PPMM,0.0306
P8,P21,PPPP,-0.0213
P8,M23,PPMM,0.1554
P8,P23,PPPP,0.1037
P8,M24,PPMM,0.182
P8,P24,PPPP,0.0391
P8,M25,PPMM,0.2538
P8,P25,PPPP,0.3723
P8,M30,PPMM,0.0203
P8,P30,PPPP,-0.0276
P8,M31,PPMM,0.0941
P8,P31,PPPP,-0.0202
P8,M33,PPMM,0.0855
P8,P33,PPPP,0.175
P8,M35,PPMM,0.2259
P8,P35,PPPP,0.1161
M10,P10,MMPP,0.6335
M10,M11,MMMM,0.1433
M10,P11,MMPP,0.3681
M10,M12,MMMM,-0.0054
M10,P12,MMPP,0.143
M10,M13,MMMM,0.041
M10,P13,MMPP,0.0167
M10,M14,MMMM,0.0187
M10,P14,MMPP,0.1061
M10,M16,MMMM,0.1525
M10,P16,MMPP,0.2816
M10,M17,MMMM,0.1569
M10,P17,MMPP,0.1339
M10,M18,MMMM,0.1418
M10,P18,MMPP,0.3891
M10,M20,MMMM,0.1145
M10,P20,MMPP,0.1869
M10,M21,MMMM,0.1661
M10,P21,MMPP,0.0262
M10,M23,MMMM,0.3108
M10,P23,MMPP,0.1295
M10,M24,MMMM,0.1814
M10,P24,MMPP,0.1352
M10,M25,MMMM,0.163
M10,P25,MMPP,0.2593
M10,M30,MMMM,0.1064
M10,P30,MMPP,0.027
M10,M31,MMMM,0.0818
M10,P31,MMPP,0.2017
M10,M33,MMMM,-0.0741
M10,P33,MMPP,0.0043
M10,M35,MMMM,0.1136
M10,P35,MMPP,0.1588
P10,M11,PPMM,0.1596
P10,P11,PPPP,0.2603
P10,M12,PPMM,-0.0525
P10,P12,PPPP,0.1444
P10,M13,PPMM,0.2228
P10,P13,PPPP,0.1447
P10,M14,PPMM,0.2013
P10,P14,PPPP,0.215
P10,M16,PPMM,0.2477
P10,P16,PPPP,0.2808
P10,M17,PPMM,0.0369
P10,P17,PPPP,0.0132
P10,M18,PPMM,0.2022
P10,P18,PPPP,0.272
P10,M20,PPMM,0.1499
P10,P20,PPPP,0.1943
P10,M21,PPMM,0.1682
P10,P21,PPPP,0.1101
P10,M23,PPMM,0.196
P10,P23,PPPP,0.0985
P10,M24,PPMM,0.2131
P10,P24,PPPP,0.1299
P10,M25,PPMM,0.063
P10,P25,PPPP,0.0848
P10,M30,PPMM,0.1939
P10,P30,PPPP,0.1183
P10,M31,PPMM,0.0541
P10,P31,PPPP,0.1338
P10,M33,PPMM,0.0165
P10,P33,PPPP,-0.0053
P10,M35,PPMM,0.2675
P10,P35,PPPP,0.1882
M11,P11,MMPP,0.6705
M11,M12,MMMM,0.0839
M11,P12,MMPP,0.1918
M11,M13,MMMM,0.201
M11,P13,MMPP,0.1489
M11,M14,MMMM,0.1324
M11,P14,MMPP,0.2398
M11,M16,MMMM,0.23
M11,P16,MMPP,0.1267
M11,M17,MMMM,0.0437
M11,P17,MMPP,0.0893
M11,M18,MMMM,0.1219
M11,P18,MMPP,0.193
M11,M20,MMMM,0.2753
M11,P20,MMPP,0.3223
M11,M21,MMMM,0.066
M11,P21,MMPP,0.0387
M11,M23,MMMM,0.1356
M11,P23,MMPP,0.1698
M11,M24,MMMM,0.1258
M11,P24,MMPP,0.1373
M11,M25,MMMM,0.1184
M11,P25,MMPP,0.1439
M11,M30,MMMM,0.1472
M11,P30,MMPP,0.2018
M11,M31,MMMM,0.1389
M11,P31,MMPP,0.0337
M11,M33,MMMM,-0.0517
M11,P33,MMPP,0.1021
M11,M35,MMMM,0.1776
M11,P35,MMPP,0.2384
P11,M12,PPMM,0.0872
P11,P12,PPPP,0.2382
P11,M13,PPMM,0.2901
P11,P13,PPPP,0.1932
P11,M14,PPMM,0.0712
P11,P14,PPPP,0.0943
P11,M16,PPMM,0.2067
P11,P16,PPPP,0.3942
P11,M17,PPMM,0.1745
P11,P17,PPPP,0.1204
P11,M18,PPMM,0.1578
P11,P18,PPPP,0.4761
P11,M20,PPMM,0.0825
P11,P20,PPPP,0.2239
P11,M21,PPMM,0.1554
P11,P21,PPPP,0.0301
P11,M23,PPMM,0.2096
P11,P23,PPPP,0.1994
P11,M24,PPMM,0.1864
P11,P24,PPPP,0.0837
P11,M25,PPMM,0.093
P11,P25,PPPP,0.4598
P11,M30,PPMM,0.172
P11,P30,PPPP,0.1969
P11,M31,PPMM,0.0135
P11,P31,PPPP,0.0619
P11,M33,PPMM,0.0424
P11,P33,PPPP,0.1589
P11,M35,PPMM,0.1402
P11,P35,PPPP,0.1942
M12,P12,MMPP,0.4861
M12,M13,MMMM,0.1216
M12,P13,MMPP,0.0998
M12,M14,MMMM,-0.0104
M12,P14,MMPP,0.071
M12,M16,MMMM,0.3191
M12,P16,MMPP,0.2254
M12,M17,MMMM,0.0089
M12,P17,MMPP,0.1348
M12,M18,MMMM,0.2026
M12,P18,MMPP,0.1768
M12,M20,MMMM,0.1139
M12,P20,MMPP,0.1324
M12,M21,MMMM,0.0816
M12,P21,MMPP,0.0585
M12,M23,MMMM,-0.0452
M12,P23,MMPP,0.0606
M12,M24,MMMM,0.1558
M12,P24,MMPP,0.0472
M12,M25,MMMM,0.2419
M12,P25,MMPP,0.173
M12,M30,MMMM,0.1168
M12,P30,MMPP,0.2126
M12,M31,MMMM,0.2111
M12,P31,MMPP,0.1592
M12,M33,MMMM,0.2418
M12,P33,MMPP,0.0494
M12,M35,MMMM,0.1129
M12,P35,MMPP,0.062
P12,M13,PPMM,0.1942
P12,P13,PPPP,0.114
P12,M14,PPMM,0.0338
P12,P14,PPPP,0.1144
P12,M16,PPMM,0.3081
P12,P16,PPPP,0.2595
P12,M17,PPMM,0.0995
P12,P17,PPPP,0.0698
P12,M18,PPMM,0.2653
P12,P18,PPPP,0.3881
P12,M20,PPMM,-0.0026
P12,P20,PPPP,0.138
P12,M21,PPMM,-0.0039
P12,P21,PPPP,0.2266
P12,M23,PPMM,0.147
P12,P23,PPPP,0.0999
P12,M24,PPMM,0.1313
P12,P24,PPPP,0.1618
P12,M25,PPMM,0.1517
P12,P25,PPPP,0.2881
P12,M30,PPMM,0.195
P12,P30,PPPP,0.2233
P12,M31,PPMM,0.0824
P12,P31,PPPP,0.0852
P12,M33,PPMM,0.2764
P12,P33,PPPP,0.1723
P12,M35,PPMM,0.1304
P12,P35,PPPP,0.1427
M13,P13,MMPP,0.5955
M13,M14,MMMM,0.1046
M13,P14,MMPP,0.1413
M13,M16,MMMM,0.2278
M13,P16,MMPP,0.3626
M13,M17,MMMM,0.2287
M13,P17,MMPP,0.2732
M13,M18,MMMM,0.1214
M13,P18,MMPP,0.1857
M13,M20,MMMM,0.1466
M13,P20,MMPP,0.1443
M13,M21,MMMM,0.2381
M13,P21,MMPP,0.2183
M13,M23,MMMM,0.0844
M13,P23,MMPP,0.1575
M13,M24,MMMM,0.191
M13,P24,MMPP,0.1962
M13,M25,MMMM,0.2107
M13,P25,MMPP,0.2362
M13,M30,MMMM,0.1925
M13,P30,MMPP,0.1483
M13,M31,MMMM,0.0739
M13,P31,MMPP,0.1341
M13,M33,MMMM,0.149
M13,P33,MMPP,0.1334
M13,M35,MMMM,0.1967
M13,P35,MMPP,0.1511
P13,M14,PPMM,0.0566
P13,P14,PPPP,0.0183
P13,M16,PPMM,-0.0273
P13,P16,PPPP,0.0538
P13,M17,PPMM,0.2484
P13,P17,PPPP,0.213
P13,M18,PPMM,0.0328
P13,P18,PPPP,0.032
P13,M20,PPMM,0.0409
P13,P20,PPPP,-0.0864
P13,M21,PPMM,0.253
P13,P21,PPPP,0.2625
P13,M23,PPMM,0.0708
P13,P23,PPPP,0.1527
P13,M24,PPMM,0.1276
P13,P24,PPPP,0.1624
P13,M25,PPMM,0.2997
P13,P25,PPPP,0.2245
P13,M30,PPMM,0.2253
P13,P30,PPPP,0.2608
P13,M31,PPMM,0.0816
P13,P31,PPPP,0.2225
P13,M33,PPMM,0.0372
P13,P33,PPPP,0.2116
P13,M35,PPMM,0.2212
P13,P35,PPPP,0.1608
M14,P14,MMPP,0.6829
M14,M16,MMMM,0.1145
M14,P16,MMPP,0.131
M14,M17,MMMM,0.0677
M14,P17,MMPP,0.1281
M14,M18,MMMM,0.0916
M14,P18,MMPP,0.0303
M14,M20,MMMM,0.0434
M14,P20,MMPP,0.27
M14,M21,MMMM,0.2409
M14,P21,MMPP,0.3078
M14,M23,MMMM,0.063
M14,P23,MMPP,0.0491
M14,M24,MMMM,0.083
M14,P24,MMPP,0.2133
M14,M25,MMMM,0.0306
M14,P25,MMPP,-0.0153
M14,M30,MMMM,0.126
M14,P30,MMPP,0.2687
M14,M31,MMMM,-0.1026
M14,P31,MMPP,0.0094
M14,M33,MMMM,0.0909
M14,P33,MMPP,0.1747
M14,M35,MMMM,0.2704
M14,P35,MMPP,0.2345
P14,M16,PPMM,0.1984
P14,P16,PPPP,0.1874
P14,M17,PPMM,0.1247
P14,P17,PPPP,0.0878
P14,M18,PPMM,0.1889
P14,P18,PPPP,0.1692
P14,M20,PPMM,0.1014
P14,P20,PPPP,0.193
P14,M21,PPMM,0.0933
P14,P21,PPPP,0.1645
P14,M23,PPMM,0.0426
P14,P23,PPPP,0.0763
P14,M24,PPMM,0.0355
P14,P24,PPPP,0.1842
P14,M25,PPMM,0.0387
P14,P25,PPPP,0.0529
P14,M30,PPMM,0.2325
P14,P30,PPPP,0.4432
P14,M31,PPMM,0.0054
P14,P31,PPPP,0.0164
P14,M33,PPMM,0.1993
P14,P33,PPPP,0.3191
P14,M35,PPMM,0.1756
P14,P35,PPPP,0.1502
M16,P16,MMPP,0.6179
M16,M17,MMMM,-0.0337
M16,P17,MMPP,0.0122
M16,M18,MMMM,0.2265
M16,P18,MMPP,0.2698
M16,M20,MMMM,0.1173
M16,P20,MMPP,0.1754
M16,M21,MMMM,0.2175
M16,P21,MMPP,0.2452
M16,M23,MMMM,0.1803
M16,P23,MMPP,0.1622
M16,M24,MMMM,0.1357
M16,P24,MMPP,0.2783
M16,M25,MMMM,0.3052
M16,P25,MMPP,0.3529
M16,M30,MMMM,0.2168
M16,P30,MMPP,0.2965
M16,M31,MMMM,0.1579
M16,P31,MMPP,0.1609
M16,M33,MMMM,0.2389
M16,P33,MMPP,0.2029
M16,M35,MMMM,0.0668
M16,P35,MMPP,0.1471
P16,M17,PPMM,0.086
P16,P17,PPPP,-0.0356
P16,M18,PPMM,0.2507
P16,P18,PPPP,0.4506
P16,M20,PPMM,0.0748
P16,P20,PPPP,0.1619
P16,M21,PPMM,0.215
P16,P21,PPPP,0.2183
P16,M23,PPMM,0.1274
P16,P23,PPPP,0.1901
P16,M24,PPMM,0.1703
P16,P24,PPPP,0.262
P16,M25,PPMM,0.1432
P16,P25,PPPP,0.4884
P16,M30,PPMM,0.1078
P16,P30,PPPP,0.1116
P16,M31,PPMM,0.1716
P16,P31,PPPP,0.0449
P16,M33,PPMM,0.2619
P16,P33,PPPP,0.2019
P16,M35,PPMM,0.0874
P16,P35,PPPP,0.1787
M17,P17,MMPP,0.4643
M17,M18,MMMM,0.0168
M17,P18,MMPP,0.0409
M17,M20,MMMM,0.1505
M17,P20,MMPP,0.0782
M17,M21,MMMM,0.1061
M17,P21,MMPP,0.1585
M17,M23,MMMM,0.144
M17,P23,MMPP,0.0788
M17,M24,MMMM,0.1314
M17,P24,MMPP,0.119
M17,M25,MMMM,0.2175
M17,P25,MMPP,0.4111
M17,M30,MMMM,0.1205
M17,P30,MMPP,0.2856
M17,M31,MMMM,0.0159
M17,P31,MMPP,0.0236
M17,M33,MMMM,0.0636
M17,P33,MMPP,0.2139
M17,M35,MMMM,0.1292
M17,P35,MMPP,0.0536
P17,M18,PPMM,0.1623
P17,P18,PPPP,0.2389
P17,M20,PPMM,0.1098
P17,P20,PPPP,0.1093
P17,M21,PPMM,0.0684
P17,P21,PPPP,0.1542
P17,M23,PPMM,0.0151
P17,P23,PPPP,0.0719
P17,M24,PPMM,0.0353
P17,P24,PPPP,0.1969
P17,M25,PPMM,0.1243
P17,P25,PPPP,0.2678
P17,M30,PPMM,0.1797
P17,P30,PPPP,0.2024
P17,M31,PPMM,-0.0251
P17,P31,PPPP,0.0712
P17,M33,PPMM,0.018
P17,P33,PPPP,0.1946
P17,M35,PPMM,0.2558
P17,P35,PPPP,0.3173
M18,P18,MMPP,0.6057
M18,M20,MMMM,0.0931
M18,P20,MMPP,0.2387
M18,M21,MMMM,0.0415
M18,P21,MMPP,0.2665
M18,M23,MMMM,0.1552
M18,P23,MMPP,0.0715
M18,M24,MMMM,0.0556
M18,P24,MMPP,0.1055
M18,M25,MMMM,0.0695
M18,P25,MMPP,0.1359
M18,M30,MMMM,0.2007
M18,P30,MMPP,0.2193
M18,M31,MMMM,0.1937
M18,P31,MMPP,0.0746
M18,M33,MMMM,0.0273
M18,P33,MMPP,0.023
M18,M35,MMMM,0.1088
M18,P35,MMPP,0.2048
P18,M20,PPMM,0.1252
P18,P20,PPPP,0.2785
P18,M21,PPMM,0.0797
P18,P21,PPPP,0.2017
P18,M23,PPMM,0.2207
P18,P23,PPPP,0.1205
P18,M24,PPMM,0.1309
P18,P24,PPPP,0.1418
P18,M25,PPMM,0.0604
P18,P25,PPPP,0.4667
P18,M30,PPMM,0.2666
P18,P30,PPPP,0.2614
P18,M31,PPMM,0.1245
P18,P31,PPPP,0.1414
P18,M33,PPMM,0.1078
P18,P33,PPPP,0.0483
P18,M35,PPMM,0.1256
P18,P35,PPPP,0.2305
M20,P20,MMPP,0.5304
M20,M21,MMMM,0.1325
M20,P21,MMPP,0.0691
M20,M23,MMMM,0.1455
M20,P23,MMPP,-0.0434
M20,M24,MMMM,0.1346
M20,P24,MMPP,0.1248
M20,M25,MMMM,0.1595
M20,P25,MMPP,0.1505
M20,M30,MMMM,0.0346
M20,P30,MMPP,0.1488
M20,M31,MMMM,0.1428
M20,P31,MMPP,0.1456
M20,M33,MMMM,0.1182
M20,P33,MMPP,0.07
M20,M35,MMMM,0.2174
M20,P35,MMPP,0.1292
P20,M21,PPMM,0.2934
P20,P21,PPPP,0.187
P20,M23,PPMM,0.0969
P20,P23,PPPP,0.0453
P20,M24,PPMM,0.0551
P20,P24,PPPP,0.4202
P20,M25,PPMM,0.0484
P20,P25,PPPP,0.1091
P20,M30,PPMM,0.0934
P20,P30,PPPP,0.357
P20,M31,PPMM,0.0379
P20,P31,PPPP,0.0266
P20,M33,PPMM,0.0924
P20,P33,PPPP,0.1006
P20,M35,PPMM,0.1615
P20,P35,PPPP,0.253
M21,P21,MMPP,0.5613
M21,M23,MMMM,0.1331
M21,P23,MMPP,0.1387
M21,M24,MMMM,0.146
M21,P24,MMPP,0.3925
M21,M25,MMMM,0.152
M21,P25,MMPP,0.3254
M21,M30,MMMM,0.0988
M21,P30,MMPP,0.3313
M21,M31,MMMM,0.0511
M21,P31,MMPP,0.1643
M21,M33,MMMM,0.0608
M21,P33,MMPP,0.1484
M21,M35,MMMM,0.0905
M21,P35,MMPP,0.0797
P21,M23,PPMM,0.1485
P21,P23,PPPP,0.1632
P21,M24,PPMM,0.0076
P21,P24,PPPP,0.1785
P21,M25,PPMM,0.2658
P21,P25,PPPP,0.3653
P21,M30,PPMM,0.1849
P21,P30,PPPP,0.3548
P21,M31,PPMM,0.1054
P21,P31,PPPP,0.1821
P21,M33,PPMM,0.1182
P21,P33,PPPP,0.1521
P21,M35,PPMM,0.1564
P21,P35,PPPP,0.22
M23,P23,MMPP,0.4971
M23,M24,MMMM,0.2391
M23,P24,MMPP,0.0543
M23,M25,MMMM,0.3171
M23,P25,MMPP,0.3092
M23,M30,MMMM,0.1553
M23,P30,MMPP,0.0702
M23,M31,MMMM,0.1682
M23,P31,MMPP,0.2354
M23,M33,MMMM,0.0214
M23,P33,MMPP,0.0423
M23,M35,MMMM,0.1094
M23,P35,MMPP,0.1293
P23,M24,PPMM,0.1293
P23,P24,PPPP,0.0696
P23,M25,PPMM,0.2961
P23,P25,PPPP,0.2227
P23,M30,PPMM,0.2161
P23,P30,PPPP,0.2637
P23,M31,PPMM,0.0499
P23,P31,PPPP,0.0427
P23,M33,PPMM,0.1028
P23,P33,PPPP,0.1213
P23,M35,PPMM,0.0444
P23,P35,PPPP,0.1128
M24,P24,MMPP,0.5331
M24,M25,MMMM,0.2284
M24,P25,MMPP,0.2053
M24,M30,MMMM,0.2218
M24,P30,MMPP,0.0623
M24,M31,MMMM,0.1444
M24,P31,MMPP,0.2484
M24,M33,MMMM,0.0814
M24,P33,MMPP,0.1074
M24,M35,MMMM,0.1511
M24,P35,MMPP,0.1286
P24,M25,PPMM,0.1149
P24,P25,PPPP,0.3184
P24,M30,PPMM,0.0648
P24,P30,PPPP,0.1446
P24,M31,PPMM,0.0368
P24,P31,PPPP,0.1391
P24,M33,PPMM,0.1294
P24,P33,PPPP,0.2175
P24,M35,PPMM,0.2143
P24,P35,PPPP,0.1954
M25,P25,MMPP,0.5235
M25,M30,MMMM,0.1091
M25,P30,MMPP,0.2406
M25,M31,MMMM,0.1055
M25,P31,MMPP,0.1793
M25,M33,MMMM,0.0363
M25,P33,MMPP,0.0717
M25,M35,MMMM,0.055
M25,P35,MMPP,0.1466
P25,M30,PPMM,0.2693
P25,P30,PPPP,0.1833
P25,M31,PPMM,0.4337
P25,P31,PPPP,0.1682
P25,M33,PPMM,-0.075
P25,P33,PPPP,0.033
P25,M35,PPMM,0.173
P25,P35,PPPP,0.2076
M30,P30,MMPP,0.6407
M30,M31,MMMM,0.1024
M30,P31,MMPP,0.0992
M30,M33,MMMM,0.1633
M30,P33,MMPP,0.1169
M30,M35,MMMM,0.2491
M30,P35,MMPP,0.0969
P30,M31,PPMM,0.1124
P30,P31,PPPP,-0.0043
P30,M33,PPMM,0.1272
P30,P33,PPPP,0.2153
P30,M35,PPMM,0.2218
P30,P35,PPPP,0.2572
M31,P31,MMPP,0.5446
M31,M33,MMMM,0.1043
M31,P33,MMPP,0.0506
M31,M35,MMMM,0.1319
M31,P35,MMPP,0.1259
P31,M33,PPMM,0.1291
P31,P33,PPPP,0.1514
P31,M35,PPMM,0.1924
P31,P35,PPPP,0.1007
M33,P33,MMPP,0.6043
M33,M35,MMMM,0.1567
M33,P35,MMPP,0.0259
P33,M35,PPMM,0.2232
P33,P35,PPPP,0.0843
M35,P35,MMPP,0.5777
